-- MySQL dump 10.13  Distrib 8.0.20, for Linux (x86_64)
--
-- Host: localhost    Database: vk
-- ------------------------------------------------------
-- Server version	8.0.20-0ubuntu0.20.04.1

/*!40101 SET @OLD_CHARACTER_SET_CLIENT=@@CHARACTER_SET_CLIENT */;
/*!40101 SET @OLD_CHARACTER_SET_RESULTS=@@CHARACTER_SET_RESULTS */;
/*!40101 SET @OLD_COLLATION_CONNECTION=@@COLLATION_CONNECTION */;
/*!50503 SET NAMES utf8mb4 */;
/*!40103 SET @OLD_TIME_ZONE=@@TIME_ZONE */;
/*!40103 SET TIME_ZONE='+00:00' */;
/*!40014 SET @OLD_UNIQUE_CHECKS=@@UNIQUE_CHECKS, UNIQUE_CHECKS=0 */;
/*!40014 SET @OLD_FOREIGN_KEY_CHECKS=@@FOREIGN_KEY_CHECKS, FOREIGN_KEY_CHECKS=0 */;
/*!40101 SET @OLD_SQL_MODE=@@SQL_MODE, SQL_MODE='NO_AUTO_VALUE_ON_ZERO' */;
/*!40111 SET @OLD_SQL_NOTES=@@SQL_NOTES, SQL_NOTES=0 */;

--
-- Table structure for table `communities`
--

DROP TABLE IF EXISTS `communities`;
/*!40101 SET @saved_cs_client     = @@character_set_client */;
/*!50503 SET character_set_client = utf8mb4 */;
CREATE TABLE `communities` (
  `id` int unsigned NOT NULL AUTO_INCREMENT COMMENT 'Идентификатор сроки',
  `name` varchar(150) CHARACTER SET utf8 COLLATE utf8_unicode_ci NOT NULL COMMENT 'Название группы',
  `created_at` datetime DEFAULT CURRENT_TIMESTAMP COMMENT 'Время создания строки',
  `updated_at` datetime DEFAULT CURRENT_TIMESTAMP ON UPDATE CURRENT_TIMESTAMP COMMENT 'Время обновления строки',
  PRIMARY KEY (`id`),
  UNIQUE KEY `name` (`name`)
) ENGINE=InnoDB AUTO_INCREMENT=101 DEFAULT CHARSET=utf8 COLLATE=utf8_unicode_ci COMMENT='Группы';
/*!40101 SET character_set_client = @saved_cs_client */;

--
-- Dumping data for table `communities`
--

LOCK TABLES `communities` WRITE;
/*!40000 ALTER TABLE `communities` DISABLE KEYS */;
INSERT INTO `communities` VALUES (1,'unde','2009-12-30 00:42:06','2016-11-14 08:57:54'),(2,'molestiae','1971-07-08 21:18:04','1992-06-21 04:47:52'),(3,'aut','1984-11-09 22:28:31','1986-06-30 14:46:50'),(4,'eum','1998-03-07 22:24:27','2020-01-07 08:12:41'),(5,'consequatur','1991-01-26 11:06:10','1978-02-03 06:17:14'),(6,'sed','2004-05-09 03:13:10','1992-10-16 11:38:52'),(7,'quo','2000-06-17 13:25:57','2010-08-04 03:01:00'),(8,'vel','2003-03-11 13:12:32','1981-01-01 08:16:17'),(9,'reiciendis','1987-03-28 03:44:30','1999-09-13 15:25:10'),(10,'ipsa','1975-08-15 21:44:49','1999-10-03 16:29:26'),(11,'omnis','1995-04-26 22:48:13','1974-03-01 12:57:21'),(12,'qui','1972-05-26 11:02:35','1973-10-20 09:25:59'),(13,'ea','1973-03-10 03:28:20','2014-03-14 14:10:50'),(14,'ullam','2018-01-21 19:53:41','2005-04-15 21:14:33'),(15,'pariatur','2013-04-16 11:57:10','2001-09-18 06:52:39'),(16,'quaerat','1996-05-23 09:15:03','1988-05-08 08:01:09'),(17,'molestias','1980-04-19 05:35:45','1992-11-26 12:10:27'),(18,'voluptatem','1994-02-09 02:40:29','2007-05-21 19:29:13'),(19,'enim','2006-09-21 02:03:38','2007-07-20 12:01:33'),(20,'corporis','2015-08-23 00:31:00','1973-10-29 04:58:33'),(21,'itaque','2015-05-21 11:30:49','1972-03-10 17:21:19'),(22,'error','1989-04-17 17:31:48','1995-04-19 06:59:45'),(23,'dolorem','2006-06-03 04:38:58','1995-03-14 10:07:28'),(24,'corrupti','1976-02-17 09:38:05','2009-07-06 18:21:42'),(25,'aliquam','2010-10-19 23:37:42','1987-06-09 01:00:39'),(26,'repudiandae','1977-08-24 08:20:07','2001-10-11 07:12:34'),(27,'sit','1996-12-06 14:02:23','2014-08-11 15:46:28'),(28,'dolorum','2000-05-17 06:53:25','1972-02-01 07:36:06'),(29,'officia','2002-03-14 09:26:55','1979-03-27 06:25:10'),(30,'rem','2002-07-29 12:08:33','1987-12-01 02:06:58'),(31,'ipsam','2014-03-18 12:53:44','2018-03-29 07:09:32'),(32,'quod','2019-09-14 04:10:41','1989-08-12 08:43:34'),(33,'blanditiis','1993-01-15 21:42:16','1973-02-24 20:23:05'),(34,'odio','2013-03-25 16:48:00','1988-05-25 12:45:11'),(35,'est','2004-07-19 19:12:14','1996-07-31 18:07:25'),(36,'in','1998-07-30 03:28:43','2020-05-08 09:23:53'),(37,'quasi','1972-03-15 04:34:19','1993-09-08 08:26:54'),(38,'dignissimos','2017-11-03 16:31:42','1996-09-18 05:41:50'),(39,'et','2002-01-23 21:15:38','2017-06-24 11:19:41'),(40,'fugiat','1984-04-22 08:51:31','1988-12-12 02:57:24'),(41,'ab','2001-09-04 18:02:45','2002-05-07 04:22:49'),(42,'illum','2014-01-10 17:49:13','1993-11-06 23:41:43'),(43,'non','2001-09-01 08:24:01','2017-08-11 19:52:26'),(44,'inventore','1988-05-01 11:27:30','2000-09-22 23:34:14'),(45,'voluptas','2014-04-16 11:05:32','1996-02-16 00:10:02'),(46,'facilis','2002-02-20 08:43:30','2011-04-14 01:05:48'),(47,'cupiditate','2014-07-05 22:43:00','1988-02-19 02:21:56'),(48,'quae','1971-10-11 16:54:09','2003-08-02 14:59:11'),(49,'quas','2014-11-16 13:53:56','1994-08-13 08:45:21'),(50,'ut','1979-02-22 18:06:50','2008-09-10 15:12:55'),(51,'voluptates','2000-04-25 08:09:49','1995-02-04 23:53:21'),(52,'exercitationem','1970-05-27 10:35:35','1986-12-25 20:39:28'),(53,'libero','1985-10-14 18:21:35','2003-08-23 16:02:52'),(54,'quis','2020-05-25 17:48:46','2003-01-28 21:16:34'),(55,'modi','2011-10-31 06:04:41','1973-04-25 15:09:33'),(56,'quia','2013-08-29 01:08:51','2011-07-25 05:44:51'),(57,'a','1972-07-30 04:18:13','2001-06-16 18:44:55'),(58,'sint','1998-05-30 14:36:22','2010-05-15 11:45:07'),(59,'soluta','2016-05-26 03:00:16','2013-02-19 16:50:51'),(60,'laudantium','2009-05-25 08:34:37','1979-04-13 20:31:34'),(61,'aspernatur','1976-09-20 13:30:48','2020-01-16 12:38:04'),(62,'accusamus','2010-08-09 07:37:24','1992-11-12 20:03:39'),(63,'ipsum','2019-07-01 11:06:50','2000-06-23 13:23:28'),(64,'at','2019-09-06 04:40:22','1977-01-27 14:51:03'),(65,'id','1999-06-27 03:16:18','1990-02-14 09:22:23'),(66,'voluptatibus','1979-08-20 12:00:54','1978-10-17 22:32:42'),(67,'nobis','1976-04-03 06:10:05','1996-06-11 05:47:45'),(68,'fuga','2012-06-24 05:23:36','1977-04-14 03:29:32'),(69,'quidem','1998-12-24 09:16:20','2005-01-13 11:38:52'),(70,'magni','1992-11-20 16:14:12','1989-11-23 13:28:44'),(71,'rerum','2012-03-13 08:15:38','2007-10-10 01:12:30'),(72,'recusandae','1981-12-01 01:20:32','1984-12-13 01:10:03'),(73,'amet','1982-09-16 11:44:07','2004-09-30 17:57:02'),(74,'dicta','1999-02-02 03:17:17','1980-08-14 18:42:40'),(75,'debitis','2004-07-10 09:05:33','1992-04-17 06:13:15'),(76,'quos','2006-08-31 12:28:19','2017-01-09 08:39:41'),(77,'animi','2000-08-18 15:30:40','1988-05-22 15:43:44'),(78,'occaecati','1996-02-18 02:32:24','1987-09-05 02:03:59'),(79,'iste','2016-07-02 12:43:44','1979-07-31 07:08:55'),(80,'impedit','1985-06-21 06:56:00','2015-02-04 09:49:17'),(81,'laboriosam','2005-07-16 05:26:59','2009-10-07 01:27:50'),(82,'eius','1983-11-13 04:36:15','2009-04-01 14:11:47'),(83,'natus','1990-02-04 04:47:03','2005-09-16 16:24:33'),(84,'beatae','1995-11-19 00:28:39','2003-04-02 22:21:37'),(85,'consectetur','1981-01-27 10:36:53','2014-01-20 16:47:19'),(86,'perspiciatis','1971-08-20 04:52:43','1996-03-08 20:02:20'),(87,'autem','2008-06-04 06:27:39','2009-10-08 02:58:02'),(88,'magnam','1985-03-26 22:39:39','1978-11-03 22:56:27'),(89,'atque','1985-07-18 05:58:17','1996-11-02 21:43:44'),(90,'quisquam','1996-12-29 13:59:17','1982-05-08 16:54:54'),(91,'tenetur','2000-02-26 10:05:16','1999-06-24 02:34:57'),(92,'repellendus','1990-05-10 02:46:07','1985-05-25 04:25:09'),(93,'vero','2006-08-25 09:22:48','1992-05-12 16:06:28'),(94,'temporibus','1986-09-26 00:34:07','2011-03-01 12:49:51'),(95,'eos','1983-02-27 06:40:53','1987-01-08 01:45:51'),(96,'laborum','1988-03-02 07:13:28','2013-01-10 21:13:04'),(97,'harum','2013-04-25 23:19:20','1989-10-08 14:48:21'),(98,'numquam','2001-12-25 23:32:47','2016-08-17 03:35:47'),(99,'minus','1971-01-21 07:14:39','1984-08-26 17:01:56'),(100,'nihil','1980-04-13 16:20:54','1977-02-28 23:05:07');
/*!40000 ALTER TABLE `communities` ENABLE KEYS */;
UNLOCK TABLES;

--
-- Table structure for table `communities_users`
--

DROP TABLE IF EXISTS `communities_users`;
/*!40101 SET @saved_cs_client     = @@character_set_client */;
/*!50503 SET character_set_client = utf8mb4 */;
CREATE TABLE `communities_users` (
  `community_id` int unsigned NOT NULL COMMENT 'Ссылка на группу',
  `user_id` int unsigned NOT NULL COMMENT 'Ссылка на пользователя',
  `created_at` datetime DEFAULT CURRENT_TIMESTAMP COMMENT 'Время создания строки',
  PRIMARY KEY (`community_id`,`user_id`) COMMENT 'Составной первичный ключ'
) ENGINE=InnoDB DEFAULT CHARSET=utf8 COLLATE=utf8_unicode_ci COMMENT='Участники групп, связь между пользователями и группами';
/*!40101 SET character_set_client = @saved_cs_client */;

--
-- Dumping data for table `communities_users`
--

LOCK TABLES `communities_users` WRITE;
/*!40000 ALTER TABLE `communities_users` DISABLE KEYS */;
INSERT INTO `communities_users` VALUES (3,50,'2019-02-25 06:40:06'),(4,15,'1971-08-17 12:46:14'),(4,84,'1984-10-26 14:03:45'),(5,71,'2013-09-17 19:55:49'),(9,34,'1986-01-10 04:47:17'),(11,53,'1984-11-12 03:48:38'),(12,34,'1994-04-20 08:04:16'),(12,81,'2008-05-26 14:11:57'),(13,3,'2009-03-26 15:30:50'),(14,25,'1986-03-19 14:31:56'),(14,52,'1992-08-11 23:54:07'),(14,84,'1996-09-13 09:43:10'),(15,90,'1992-11-14 06:42:43'),(16,63,'1977-04-06 09:22:11'),(17,90,'1979-03-22 10:38:02'),(17,99,'1975-01-27 22:15:33'),(20,25,'1986-08-25 05:52:47'),(20,68,'1985-08-27 09:46:25'),(20,87,'1980-02-01 14:39:10'),(22,28,'1991-05-27 18:17:48'),(22,57,'1992-07-24 06:12:07'),(24,91,'1970-07-31 22:00:34'),(25,48,'2009-01-12 20:17:07'),(27,10,'2001-02-06 08:37:11'),(27,94,'1984-04-21 03:12:52'),(31,35,'2007-06-21 21:47:26'),(32,30,'2000-12-14 10:31:53'),(33,64,'1977-01-26 19:13:08'),(34,22,'1973-02-01 00:47:40'),(34,38,'1979-07-12 05:48:06'),(34,56,'2005-10-10 10:30:53'),(37,34,'1990-02-26 19:07:28'),(37,72,'2011-06-24 04:03:14'),(37,83,'2000-01-16 18:45:14'),(39,82,'1998-10-09 21:21:01'),(39,87,'2018-04-26 04:02:53'),(42,20,'1992-05-15 00:50:44'),(42,25,'2014-11-23 22:28:06'),(42,76,'2008-08-26 07:41:21'),(43,71,'2004-12-04 23:20:17'),(44,11,'2011-01-21 06:56:52'),(45,73,'1971-02-19 16:46:51'),(46,31,'1972-01-26 02:43:36'),(46,49,'2016-01-05 01:45:53'),(47,88,'2004-02-06 17:12:29'),(47,96,'2013-10-17 08:52:50'),(48,9,'2003-10-20 10:23:55'),(48,64,'2010-09-23 20:57:59'),(49,73,'1973-09-19 22:44:11'),(51,5,'2019-03-10 06:59:10'),(51,50,'1976-11-10 05:18:20'),(52,61,'1990-10-01 11:33:02'),(53,3,'1980-10-09 12:18:36'),(53,61,'2007-09-04 04:57:19'),(54,79,'2002-12-07 05:01:05'),(55,73,'2014-02-16 08:26:19'),(55,78,'1972-02-28 23:07:51'),(55,92,'1973-11-07 13:00:38'),(56,94,'1978-12-19 19:13:12'),(58,7,'1981-09-25 22:16:05'),(58,68,'2009-01-02 20:43:16'),(60,20,'1999-10-12 16:45:28'),(60,33,'1995-08-24 08:39:19'),(60,41,'1982-08-15 01:17:11'),(61,9,'2019-02-25 10:53:28'),(62,14,'2000-09-18 13:29:00'),(62,49,'2014-05-05 13:54:55'),(62,61,'2018-12-02 19:26:37'),(62,100,'2005-08-01 05:49:24'),(63,12,'1975-12-13 21:03:46'),(63,82,'2007-01-23 04:08:42'),(70,70,'1981-03-15 12:57:01'),(73,8,'1998-03-13 04:04:20'),(73,63,'1970-12-13 17:12:21'),(74,29,'1979-02-18 14:20:29'),(74,31,'1988-07-08 22:39:03'),(74,45,'1971-01-01 18:12:12'),(74,64,'2020-01-05 13:12:33'),(75,75,'2016-03-29 06:25:00'),(76,27,'1970-01-31 05:19:09'),(77,5,'1977-08-15 12:35:39'),(78,85,'1981-02-10 16:52:34'),(78,90,'1976-04-27 06:49:09'),(80,17,'2010-04-28 12:22:04'),(80,96,'2003-06-11 04:35:47'),(81,8,'1974-10-21 03:16:58'),(84,50,'1986-03-16 15:58:24'),(84,93,'1982-09-23 20:23:50'),(85,24,'1988-04-03 08:05:03'),(85,61,'1993-11-03 04:25:45'),(86,100,'1986-12-26 08:59:17'),(88,13,'2000-05-22 13:21:41'),(88,78,'1981-01-15 14:06:18'),(90,91,'1979-09-10 09:03:39'),(91,18,'1981-03-09 22:46:23'),(91,43,'1986-02-09 07:17:32'),(94,16,'1975-06-19 16:41:28'),(95,89,'1983-02-17 05:46:23'),(97,17,'1973-05-07 22:13:19'),(100,9,'2000-02-06 07:09:08');
/*!40000 ALTER TABLE `communities_users` ENABLE KEYS */;
UNLOCK TABLES;

--
-- Table structure for table `friendship`
--

DROP TABLE IF EXISTS `friendship`;
/*!40101 SET @saved_cs_client     = @@character_set_client */;
/*!50503 SET character_set_client = utf8mb4 */;
CREATE TABLE `friendship` (
  `user_id` int unsigned NOT NULL COMMENT 'Ссылка на инициатора дружеских отношений',
  `friend_id` int unsigned NOT NULL COMMENT 'Ссылка на получателя приглашения дружить',
  `status_id` int unsigned NOT NULL COMMENT 'Ссылка на статус (текущее состояние) отношений',
  `requested_at` datetime DEFAULT CURRENT_TIMESTAMP COMMENT 'Время отправления приглашения дружить',
  `confirmed_at` datetime DEFAULT NULL COMMENT 'Время подтверждения приглашения',
  `created_at` datetime DEFAULT CURRENT_TIMESTAMP COMMENT 'Время создания строки',
  `updated_at` datetime DEFAULT CURRENT_TIMESTAMP ON UPDATE CURRENT_TIMESTAMP COMMENT 'Время обновления строки',
  PRIMARY KEY (`user_id`,`friend_id`) COMMENT 'Составной первичный ключ'
) ENGINE=InnoDB DEFAULT CHARSET=utf8 COLLATE=utf8_unicode_ci COMMENT='Таблица дружбы';
/*!40101 SET character_set_client = @saved_cs_client */;

--
-- Dumping data for table `friendship`
--

LOCK TABLES `friendship` WRITE;
/*!40000 ALTER TABLE `friendship` DISABLE KEYS */;
INSERT INTO `friendship` VALUES (1,67,10,'2019-02-14 16:21:05','1978-06-27 11:51:07','1988-09-02 17:06:18','1980-07-17 20:18:44'),(2,50,69,'1997-06-22 17:51:42','1973-10-31 01:07:36','1993-05-08 04:53:46','2004-02-09 01:32:36'),(3,75,57,'1971-03-31 21:01:14','2017-01-23 05:49:21','1980-06-04 17:50:59','2012-03-20 07:24:59'),(4,31,24,'1983-04-19 17:56:38','1999-12-10 23:29:04','2013-01-29 04:59:48','1983-08-01 12:40:38'),(5,48,61,'2001-06-07 12:03:16','2017-11-06 17:40:37','1999-07-21 01:56:42','2014-02-27 09:45:40'),(6,19,74,'1983-06-25 22:36:22','2004-12-23 02:44:05','2016-12-22 17:41:06','1995-03-27 21:59:11'),(7,2,96,'2007-12-03 22:36:51','2003-11-19 07:32:39','2002-05-11 06:05:53','1989-08-30 19:05:35'),(8,33,5,'2019-09-18 19:45:59','1971-01-11 18:25:42','1973-06-07 02:24:56','2000-02-15 02:37:59'),(9,20,38,'1981-04-06 02:55:41','1971-10-09 19:21:55','1985-11-10 17:13:53','1995-06-08 00:41:41'),(10,25,63,'1985-01-08 22:40:29','1971-01-18 05:14:10','1998-05-31 05:32:24','1974-12-07 14:34:42'),(11,14,48,'1996-08-19 02:09:10','2015-02-19 11:26:23','2009-03-10 12:04:24','2010-03-25 01:30:08'),(12,51,11,'1988-07-27 06:18:06','1999-12-03 18:48:11','1982-10-08 06:41:18','1974-06-05 18:18:30'),(13,91,13,'2012-01-31 11:35:02','1992-11-16 08:56:21','2008-01-16 20:27:23','1971-08-11 16:57:34'),(14,82,14,'1979-11-19 07:11:48','1990-06-25 12:30:33','2008-05-03 22:08:31','2001-01-04 14:07:00'),(15,7,65,'1981-02-17 05:34:21','1981-03-02 17:50:01','1984-10-26 23:03:23','1996-09-02 01:52:53'),(16,33,73,'1978-08-26 19:55:35','1983-12-24 13:08:26','1973-05-24 15:58:50','1997-03-15 08:25:24'),(17,75,83,'1982-06-10 01:55:13','1989-12-08 21:01:12','2005-07-30 02:39:38','1980-09-28 15:01:23'),(18,42,49,'2012-10-15 10:25:29','1987-04-15 13:35:16','2006-12-30 21:24:37','1991-09-29 09:07:30'),(19,39,72,'2008-08-12 15:53:12','2018-02-21 19:44:45','2003-01-05 20:15:51','2007-03-11 04:16:57'),(20,73,86,'1977-07-27 13:57:17','1993-06-08 20:31:57','2006-07-17 23:28:00','2011-12-28 04:54:48'),(21,33,91,'2016-07-27 08:55:07','2009-04-05 20:02:35','1996-07-02 17:17:42','1997-02-15 15:00:36'),(22,60,34,'1972-02-03 09:42:57','1984-05-14 11:40:47','1984-09-01 14:32:03','1986-01-13 19:46:46'),(23,86,92,'2006-01-03 19:01:35','1974-06-06 11:18:42','1987-08-16 04:57:59','2013-04-15 12:50:26'),(24,39,6,'1973-03-27 12:06:19','1980-12-23 17:31:32','1980-04-17 09:29:46','2003-04-15 02:41:34'),(25,30,63,'2002-03-25 02:20:54','1987-12-09 09:22:33','2002-11-24 06:02:38','1983-06-08 06:54:42'),(26,69,44,'2012-05-13 22:29:00','2020-01-26 13:39:54','1987-08-06 06:42:09','2005-01-21 00:20:19'),(27,11,19,'2018-02-10 16:20:50','1980-12-13 16:07:49','2009-01-31 07:24:46','2017-01-23 00:21:53'),(28,54,1,'2002-09-08 19:50:05','2015-02-02 12:39:44','2009-01-15 09:02:51','1983-09-23 00:33:59'),(29,31,36,'2009-07-08 16:50:18','1975-11-12 23:21:55','1991-08-03 21:15:42','2013-05-12 07:52:14'),(30,14,38,'2005-07-05 10:37:49','2008-06-07 13:17:43','1984-05-20 23:13:16','1997-02-11 03:11:24'),(31,100,47,'2001-12-09 01:53:09','1990-09-21 14:10:42','2011-07-14 13:25:54','1972-06-16 20:05:29'),(32,11,74,'1975-03-09 08:55:14','2018-07-09 19:24:20','2001-12-21 19:40:21','1986-07-31 07:32:15'),(33,29,52,'2010-09-21 04:02:03','2008-04-03 14:01:44','2009-08-25 12:39:41','2019-05-21 06:34:45'),(34,23,68,'1979-08-20 18:16:52','1980-06-04 01:10:03','2020-03-20 15:45:47','2014-06-08 06:58:56'),(35,24,95,'1989-12-29 22:36:16','1992-10-31 08:15:52','2001-03-11 13:50:25','2010-09-12 06:33:12'),(36,54,56,'2001-07-14 09:20:23','1974-03-19 02:35:35','1998-06-27 00:50:49','1974-05-31 01:55:51'),(37,85,13,'1989-05-09 02:06:06','2016-05-11 12:10:19','1998-01-04 10:23:02','2018-03-05 22:40:15'),(38,89,70,'2007-01-17 04:19:10','1977-08-26 13:11:17','1974-11-14 22:27:48','2010-10-24 06:47:19'),(39,5,27,'1973-12-02 12:32:04','1987-11-07 04:50:32','1994-11-20 22:04:15','2014-04-18 12:33:09'),(40,75,34,'2002-01-11 20:46:41','1997-11-24 17:45:26','1992-04-27 19:53:15','1989-05-07 20:42:26'),(41,90,44,'1983-04-09 23:47:22','1987-02-23 19:13:31','2008-02-03 21:28:15','2018-11-30 00:22:57'),(42,77,100,'1972-03-10 02:36:35','1978-07-24 05:43:51','2001-01-30 12:47:40','1985-05-02 20:51:38'),(43,62,31,'2005-10-10 09:58:30','2008-04-07 05:22:45','1982-03-06 18:34:32','2015-02-25 16:28:02'),(44,1,93,'2006-08-16 03:43:53','2002-04-06 02:32:34','1990-08-18 05:48:58','1998-07-15 05:56:54'),(45,66,15,'1980-12-18 01:44:17','2017-01-10 03:29:09','1998-07-15 04:48:19','1972-09-03 04:26:09'),(46,30,65,'1990-09-12 21:34:56','1982-07-26 11:27:01','1980-02-13 20:41:24','2012-05-11 14:22:13'),(47,62,40,'1988-12-16 00:51:17','2008-11-09 03:56:23','2011-01-14 16:20:33','1989-02-18 21:06:01'),(48,39,91,'2011-02-11 13:00:16','1973-09-09 23:08:52','2001-03-04 22:15:16','2001-08-12 01:53:39'),(49,92,61,'1993-08-30 11:39:04','2006-09-27 13:52:13','1987-02-01 14:49:56','2017-11-25 04:19:41'),(50,58,15,'2001-09-16 10:08:21','2006-10-05 19:37:07','1987-04-14 04:21:24','1989-03-28 11:28:22'),(51,56,12,'1986-06-08 17:01:00','1995-11-27 16:31:09','1973-10-14 10:43:45','1985-11-28 20:51:30'),(52,70,40,'2004-04-07 11:51:42','1989-08-31 17:40:47','2019-04-16 18:03:37','2015-07-01 22:13:06'),(53,25,59,'1997-10-19 21:31:56','2011-08-10 07:17:54','2011-06-23 04:57:33','2005-11-09 14:07:43'),(54,10,29,'1999-12-17 02:25:53','2003-07-30 12:10:06','2015-05-17 04:51:28','1993-12-10 11:55:16'),(55,86,85,'1999-01-19 17:00:47','1974-07-28 15:40:24','2014-09-19 21:37:17','1996-03-25 07:39:34'),(56,63,76,'1984-05-27 16:38:47','1992-06-11 20:33:27','2004-08-31 06:12:04','1982-05-31 07:43:39'),(57,28,40,'1986-10-13 09:34:07','2006-03-16 07:50:04','1979-06-22 14:27:03','1988-08-02 03:39:23'),(58,76,90,'1973-06-03 03:12:18','2005-11-21 14:02:04','1972-05-14 13:37:39','2001-11-16 21:23:53'),(59,70,77,'1989-01-10 08:40:53','1988-04-19 16:42:29','1976-03-25 18:46:21','2007-09-25 11:02:59'),(60,82,36,'1991-11-25 19:54:48','2009-04-17 11:31:21','1981-07-28 20:52:15','2010-12-12 00:25:17'),(61,91,12,'1998-10-29 12:31:08','2010-12-25 15:02:01','1998-07-24 20:43:39','1973-02-03 14:23:32'),(62,1,52,'1993-06-14 16:28:33','1984-12-06 18:47:05','1998-07-18 06:09:10','2016-07-03 11:08:56'),(63,52,39,'1977-08-15 19:01:38','1978-03-06 00:45:37','1970-12-09 20:06:16','1972-07-23 02:01:17'),(64,43,43,'1977-09-07 04:03:05','1996-04-02 23:19:01','1977-06-15 05:37:26','1974-06-07 10:10:12'),(65,100,1,'2000-01-08 20:12:18','1973-04-08 13:48:00','1997-08-19 02:29:35','1973-06-12 02:13:32'),(66,58,55,'2011-04-07 16:01:24','1985-06-08 14:06:30','1972-03-01 18:40:09','1978-01-16 09:34:23'),(67,12,28,'1994-06-26 22:51:39','1987-03-20 20:08:41','2017-09-10 09:29:09','2003-12-04 01:23:54'),(68,95,36,'1995-04-10 00:20:01','1996-06-17 07:59:55','2003-04-17 18:47:37','1980-06-16 12:19:24'),(69,87,4,'1976-02-16 22:01:55','1997-07-15 11:08:16','2006-11-26 06:19:54','2019-08-07 13:38:38'),(70,65,72,'2016-12-02 20:53:29','2014-07-11 18:17:04','1996-09-16 00:27:48','2000-10-15 10:48:15'),(71,89,28,'2015-09-21 00:22:38','2012-07-26 05:52:18','1992-07-01 03:25:23','1992-01-02 23:23:56'),(72,48,16,'1992-05-01 14:30:44','1975-03-07 04:51:38','2017-04-17 00:33:55','2000-09-07 07:34:01'),(73,67,23,'2009-08-06 01:22:33','1971-09-15 07:35:30','1984-10-29 01:11:12','1979-09-23 02:45:38'),(74,5,37,'2002-08-06 22:29:26','1987-10-15 03:05:38','2009-03-06 07:12:42','1974-02-07 08:32:05'),(75,99,87,'2004-08-16 02:33:56','1979-06-21 11:41:37','1999-04-19 22:55:22','1998-03-28 15:18:16'),(76,72,90,'2000-02-06 10:36:06','1993-10-08 19:34:50','1996-03-10 11:00:35','1995-03-12 03:24:16'),(77,98,72,'2007-06-08 07:19:06','1974-02-24 18:06:59','1979-03-19 19:23:33','2005-01-23 17:45:50'),(78,42,49,'1996-07-18 18:19:26','2001-04-20 07:12:13','1982-03-04 08:21:36','2019-04-13 09:12:55'),(79,11,84,'1985-01-07 09:53:29','2003-05-12 00:04:39','1982-09-16 13:07:47','1984-05-20 20:49:39'),(80,92,11,'1971-02-16 22:20:09','1989-04-04 21:47:21','2001-06-15 16:36:48','2000-11-14 16:15:49'),(81,84,49,'1975-05-06 02:33:15','1993-12-09 03:28:51','1986-03-28 03:03:52','1977-03-21 21:05:54'),(82,66,96,'1995-08-24 08:29:57','1989-04-02 21:12:31','2006-01-05 07:03:37','1998-08-27 22:40:47'),(83,77,60,'2004-09-30 07:54:17','2010-11-04 20:33:50','1985-03-23 13:49:09','1999-01-17 23:35:20'),(84,32,63,'1987-01-13 17:32:37','1983-04-27 08:26:06','1987-09-24 09:38:03','2014-04-27 20:58:53'),(85,64,97,'2007-04-09 00:36:56','2012-04-17 10:26:13','2001-01-21 01:36:52','1987-07-28 12:13:42'),(86,35,53,'1972-11-16 21:03:09','2003-03-18 02:18:47','1974-11-06 14:30:45','2017-05-21 20:54:10'),(87,24,82,'1981-03-28 11:28:37','2000-10-23 19:07:25','1972-02-01 12:55:54','1992-08-30 03:37:46'),(88,68,91,'1998-09-09 09:12:08','1991-09-02 11:58:05','1989-09-10 02:30:37','1986-08-01 12:52:11'),(89,5,73,'1971-08-05 00:20:16','1988-08-07 15:49:11','2004-07-08 17:09:55','1986-10-14 11:21:58'),(90,27,4,'2010-01-08 15:50:42','1980-05-26 15:05:42','2015-10-28 14:46:01','1988-08-04 18:07:44'),(91,59,99,'2001-07-20 17:55:55','1971-05-18 17:04:48','1985-07-28 03:20:27','1984-05-07 05:23:00'),(92,93,57,'2017-09-29 12:51:42','1974-06-01 04:36:49','1998-10-31 05:31:28','1979-01-25 15:23:34'),(93,71,35,'2004-02-27 17:49:23','1998-02-21 20:39:15','1997-02-21 10:58:30','1977-07-19 09:29:06'),(94,6,81,'2019-07-27 07:20:03','2001-05-08 22:02:13','1977-07-19 20:54:00','1987-03-11 09:17:01'),(95,18,97,'1979-11-01 05:15:18','1983-05-13 06:27:53','1979-12-01 22:44:39','1981-08-07 23:13:30'),(96,92,2,'2008-03-20 01:34:53','1973-08-03 18:08:54','2020-01-03 10:45:45','1988-08-03 00:45:15'),(97,46,57,'1980-03-17 21:02:47','2016-04-08 14:28:49','1989-04-04 17:24:25','1975-07-14 08:28:16'),(98,98,22,'1979-01-14 09:32:09','2003-04-09 18:31:38','1984-11-12 02:25:09','1998-10-22 08:52:13'),(99,17,29,'1977-12-16 22:01:48','1973-03-25 16:41:28','2006-10-13 21:44:03','1988-12-10 20:26:12'),(100,84,81,'1980-04-14 12:03:57','1979-02-07 05:45:18','1988-08-21 21:17:50','1981-01-30 13:42:26');
/*!40000 ALTER TABLE `friendship` ENABLE KEYS */;
UNLOCK TABLES;

--
-- Table structure for table `friendship_statuses`
--

DROP TABLE IF EXISTS `friendship_statuses`;
/*!40101 SET @saved_cs_client     = @@character_set_client */;
/*!50503 SET character_set_client = utf8mb4 */;
CREATE TABLE `friendship_statuses` (
  `id` int unsigned NOT NULL AUTO_INCREMENT COMMENT 'Идентификатор строки',
  `name` varchar(150) CHARACTER SET utf8 COLLATE utf8_unicode_ci NOT NULL COMMENT 'Название статуса',
  `created_at` datetime DEFAULT CURRENT_TIMESTAMP COMMENT 'Время создания строки',
  `updated_at` datetime DEFAULT CURRENT_TIMESTAMP ON UPDATE CURRENT_TIMESTAMP COMMENT 'Время обновления строки',
  PRIMARY KEY (`id`),
  UNIQUE KEY `name` (`name`)
) ENGINE=InnoDB AUTO_INCREMENT=101 DEFAULT CHARSET=utf8 COLLATE=utf8_unicode_ci COMMENT='Статусы дружбы';
/*!40101 SET character_set_client = @saved_cs_client */;

--
-- Dumping data for table `friendship_statuses`
--

LOCK TABLES `friendship_statuses` WRITE;
/*!40000 ALTER TABLE `friendship_statuses` DISABLE KEYS */;
INSERT INTO `friendship_statuses` VALUES (1,'dolore','1976-02-24 22:21:21','1998-05-12 22:21:57'),(2,'sunt','2020-02-17 14:21:51','1986-06-09 03:34:21'),(3,'laboriosam','1985-05-13 10:37:30','2007-01-04 08:12:04'),(4,'eaque','2006-01-16 19:36:21','1994-06-28 14:52:57'),(5,'et','2009-01-04 14:46:48','1976-12-15 19:49:15'),(6,'nisi','1974-10-13 08:39:16','1986-02-07 23:24:12'),(7,'laudantium','1998-12-06 01:50:49','1990-10-19 18:55:54'),(8,'sed','2008-10-24 16:43:58','1990-04-07 19:50:06'),(9,'voluptas','2017-04-12 08:26:43','1996-06-05 23:02:59'),(10,'consequatur','1978-02-14 09:26:35','1980-09-21 13:35:53'),(11,'sapiente','1995-08-11 17:31:26','2004-02-07 07:50:57'),(12,'ea','2013-10-01 13:52:46','2015-09-26 00:42:02'),(13,'quia','1996-03-04 12:42:58','1971-09-22 08:25:15'),(14,'sit','1971-05-30 10:21:40','2019-02-26 14:54:37'),(15,'neque','1991-12-12 18:22:27','2016-12-27 16:45:03'),(16,'dolorem','1983-04-20 02:01:15','2009-12-18 18:52:15'),(17,'aspernatur','1988-03-25 23:45:15','1983-04-22 08:41:39'),(18,'recusandae','1981-05-20 04:23:30','1987-06-18 21:16:56'),(19,'iste','1979-09-21 19:17:08','2012-05-22 03:10:36'),(20,'quaerat','1978-10-30 08:08:07','2020-03-03 03:30:45'),(21,'temporibus','2012-07-19 11:02:16','1974-05-05 22:01:03'),(22,'perferendis','2000-08-05 20:39:43','1992-07-23 03:14:12'),(23,'impedit','2018-02-04 02:59:40','1989-10-28 17:04:21'),(24,'atque','1999-02-26 22:11:00','1997-10-13 09:55:16'),(25,'ullam','1990-08-23 02:10:59','2003-03-19 10:48:53'),(26,'quidem','2010-04-24 09:28:00','1976-12-30 16:38:56'),(27,'non','1993-05-09 15:22:24','1986-08-03 07:49:45'),(28,'mollitia','2008-05-15 16:31:55','1994-12-28 08:45:28'),(29,'voluptates','1982-03-06 03:58:45','2017-10-28 04:40:54'),(30,'voluptatem','2009-01-24 15:20:20','2020-06-02 05:10:41'),(31,'doloremque','1970-10-02 21:54:44','1974-12-29 23:43:36'),(32,'id','1999-03-01 05:57:01','1971-11-07 09:08:53'),(33,'porro','1976-01-30 22:56:31','1973-06-18 07:09:56'),(34,'sint','1994-11-17 01:05:01','2011-06-23 20:20:33'),(35,'quasi','2016-03-20 05:57:37','1999-02-01 10:06:53'),(36,'dolores','2016-12-23 02:37:54','1984-11-21 01:17:08'),(37,'occaecati','1987-02-10 07:03:49','1988-05-03 14:49:05'),(38,'ducimus','1976-10-30 15:37:23','1994-03-10 09:45:51'),(39,'rerum','2019-04-24 01:02:43','2008-06-15 10:22:57'),(40,'voluptatum','2018-05-31 16:36:45','2019-05-03 08:45:47'),(41,'deleniti','1977-11-16 03:23:51','1979-07-24 03:38:22'),(42,'omnis','2018-12-04 02:49:16','1970-03-01 03:06:57'),(43,'perspiciatis','1971-12-24 16:14:00','1971-05-13 13:44:53'),(44,'ad','1977-12-01 18:48:40','2005-09-21 21:28:45'),(45,'qui','1987-02-14 20:15:10','2016-08-03 11:58:09'),(46,'officiis','1980-11-04 13:21:30','1995-03-12 07:58:09'),(47,'nostrum','2010-07-23 03:07:32','1973-10-02 12:42:55'),(48,'aut','1985-07-31 17:31:32','1983-11-26 12:39:14'),(49,'nihil','1982-07-13 07:58:01','1997-10-13 04:49:03'),(50,'facilis','2009-03-04 15:10:12','2011-05-26 13:13:19'),(51,'similique','1998-06-01 11:32:49','1995-01-06 08:54:22'),(52,'aliquid','1991-08-31 20:34:48','1994-09-20 02:26:29'),(53,'consequuntur','1989-11-11 11:54:56','1998-12-09 15:35:50'),(54,'vel','1980-12-10 04:24:40','2002-01-30 13:17:01'),(55,'ut','2000-08-23 14:12:41','2016-06-12 05:18:34'),(56,'facere','1981-06-19 17:26:00','1979-10-12 16:50:20'),(57,'eius','2010-08-04 15:14:19','1976-11-13 16:13:51'),(58,'quam','1980-12-15 22:39:39','1988-07-03 20:53:24'),(59,'tempora','2013-05-15 10:38:49','1987-04-30 17:41:50'),(60,'nam','1980-09-23 22:41:03','1998-08-01 15:06:01'),(61,'aperiam','1999-11-08 07:09:13','1972-03-10 17:46:28'),(62,'quas','1992-03-19 10:30:57','1998-03-25 16:25:48'),(63,'distinctio','2004-12-30 19:52:54','1985-10-20 00:15:55'),(64,'hic','1996-07-25 14:04:14','1992-03-26 12:15:40'),(65,'commodi','2001-10-24 21:45:16','1991-05-13 23:47:34'),(66,'quis','2012-02-01 16:12:11','1979-07-13 11:00:16'),(67,'voluptatibus','1993-11-13 23:27:31','2010-01-09 10:11:38'),(68,'saepe','2008-02-20 16:59:11','2001-10-16 23:43:34'),(69,'autem','1994-11-07 07:00:08','2011-05-18 21:39:05'),(70,'eos','1981-10-01 12:38:10','1973-05-28 02:38:20'),(71,'repudiandae','2000-05-03 06:01:36','1988-08-06 05:39:58'),(72,'deserunt','1985-11-14 10:09:58','2016-03-29 23:08:30'),(73,'laborum','2009-08-01 16:09:31','1985-06-28 18:20:02'),(74,'corrupti','2018-08-09 07:31:56','1994-06-28 16:21:01'),(75,'ipsam','1987-08-11 20:54:34','2018-11-09 13:49:53'),(76,'iusto','2002-07-29 07:49:27','1985-09-16 15:23:17'),(77,'cumque','2018-05-01 14:01:52','2008-03-21 10:23:00'),(78,'alias','1973-05-28 09:25:12','2016-12-12 07:13:33'),(79,'accusantium','1983-12-25 17:24:43','2019-06-09 00:31:55'),(80,'praesentium','2000-05-04 20:53:24','1995-05-08 02:51:20'),(81,'rem','1999-10-01 03:02:55','1993-04-20 17:34:49'),(82,'nulla','1980-12-24 12:56:43','1979-11-05 10:36:21'),(83,'at','1995-05-12 21:16:02','2004-05-17 22:29:12'),(84,'reprehenderit','2016-02-21 04:01:27','2003-10-04 01:32:12'),(85,'fugiat','1972-05-19 05:45:22','1996-05-20 03:27:23'),(86,'provident','1997-12-30 19:38:31','2000-07-09 20:16:04'),(87,'assumenda','2018-07-23 02:13:34','1994-11-14 08:30:01'),(88,'nemo','2019-04-24 08:30:10','1991-09-16 06:02:08'),(89,'dolorum','1986-05-10 01:56:25','2012-01-27 18:08:11'),(90,'quo','1997-08-16 19:50:39','1999-11-28 10:00:47'),(91,'repellendus','1979-07-06 00:34:46','1990-04-17 19:45:20'),(92,'tempore','1971-02-10 21:40:18','1992-12-26 19:20:13'),(93,'expedita','1970-06-30 01:10:38','1989-07-08 09:19:38'),(94,'incidunt','2005-11-15 02:10:35','2003-07-24 03:10:28'),(95,'cupiditate','2010-11-06 10:41:12','2006-08-03 23:29:55'),(96,'minima','1987-01-18 16:41:19','2011-05-12 17:46:41'),(97,'est','1972-07-06 08:23:53','2011-03-11 02:46:17'),(98,'quisquam','1986-12-25 00:02:14','2018-03-06 23:25:51'),(99,'nobis','1998-09-29 18:59:29','1982-10-21 00:22:20'),(100,'veniam','1971-08-02 07:14:12','2017-08-11 21:08:32');
/*!40000 ALTER TABLE `friendship_statuses` ENABLE KEYS */;
UNLOCK TABLES;

--
-- Table structure for table `media`
--

DROP TABLE IF EXISTS `media`;
/*!40101 SET @saved_cs_client     = @@character_set_client */;
/*!50503 SET character_set_client = utf8mb4 */;
CREATE TABLE `media` (
  `id` int unsigned NOT NULL AUTO_INCREMENT COMMENT 'Идентификатор строки',
  `user_id` int unsigned NOT NULL COMMENT 'Ссылка на пользователя, который загрузил файл',
  `filename` varchar(255) CHARACTER SET utf8 COLLATE utf8_unicode_ci NOT NULL COMMENT 'Путь к файлу',
  `size` int NOT NULL COMMENT 'Размер файла',
  `metadata` longtext CHARACTER SET utf8mb4 COLLATE utf8mb4_bin COMMENT 'Метаданные файла',
  `media_type_id` int unsigned NOT NULL COMMENT 'Ссылка на тип контента',
  `created_at` datetime DEFAULT CURRENT_TIMESTAMP COMMENT 'Время создания строки',
  `updated_at` datetime DEFAULT CURRENT_TIMESTAMP ON UPDATE CURRENT_TIMESTAMP COMMENT 'Время обновления строки',
  PRIMARY KEY (`id`),
  CONSTRAINT `media_chk_1` CHECK (json_valid(`metadata`))
) ENGINE=InnoDB AUTO_INCREMENT=94 DEFAULT CHARSET=utf8 COLLATE=utf8_unicode_ci COMMENT='Медиафайлы';
/*!40101 SET character_set_client = @saved_cs_client */;

--
-- Dumping data for table `media`
--

LOCK TABLES `media` WRITE;
/*!40000 ALTER TABLE `media` DISABLE KEYS */;
INSERT INTO `media` VALUES (1,42,'quia',93,'10814842',80,'1970-09-27 15:21:59','1986-03-19 09:02:26'),(2,86,'quisquam',368169,'833',34,'2011-10-13 05:38:14','2008-06-23 04:31:34'),(3,7,'velit',34,'34322',10,'1998-03-08 14:06:07','1987-01-12 21:57:52'),(4,12,'nihil',3553,'4',46,'2017-11-06 16:22:22','2012-02-22 19:00:37'),(5,16,'nostrum',515778978,'7094',32,'1984-09-12 15:20:45','1990-04-15 23:27:02'),(6,95,'aspernatur',2,'29769',29,'1995-01-09 12:06:24','1987-12-27 09:39:34'),(7,19,'ut',16,'393830',45,'2012-01-25 15:27:31','1986-07-06 03:03:48'),(8,27,'dolor',7985,'747581872',23,'2018-10-02 07:16:54','2011-05-16 00:12:48'),(9,20,'quos',173,'312308997',38,'2004-08-24 21:17:09','1988-12-21 21:01:22'),(10,19,'sapiente',1691,'923616767',3,'1971-04-08 20:31:55','1970-10-09 17:19:59'),(11,79,'sed',8666,'222853',75,'2007-11-18 06:35:20','1994-02-11 00:21:08'),(12,33,'assumenda',438648066,'17741',60,'2007-05-27 04:54:42','1999-08-14 21:35:48'),(13,90,'quos',5379473,'5',51,'2019-08-02 19:03:43','2003-12-07 12:46:22'),(14,44,'in',2,'9143',6,'1980-08-08 00:12:08','2020-04-07 23:42:49'),(15,11,'ex',273480890,'293',85,'2005-04-21 20:40:04','1994-04-25 23:20:09'),(16,86,'omnis',626603,'71500288',96,'1987-05-27 22:21:18','1972-06-02 06:20:40'),(17,19,'soluta',0,'8',92,'1976-08-31 18:38:01','1971-09-19 16:46:57'),(18,6,'incidunt',0,'739',31,'1985-11-12 17:16:11','2004-08-04 22:38:04'),(19,37,'vitae',486,'81118',22,'2011-08-09 17:44:55','2000-07-28 10:18:18'),(20,62,'voluptatem',5373590,'4384',32,'2008-08-02 07:03:33','1992-09-28 13:58:56'),(21,50,'quibusdam',31842168,'56352970',96,'2007-11-14 22:00:17','1981-09-24 07:53:48'),(22,38,'eius',0,'2',68,'2013-06-28 10:12:24','1996-01-14 09:01:22'),(23,41,'rem',548927,'7197',64,'1987-12-23 19:28:35','2018-11-09 20:35:32'),(24,91,'ex',97,'51975',60,'2016-12-21 11:15:13','1979-07-20 10:42:43'),(25,2,'sed',494221016,'4',9,'1989-07-14 00:25:09','1982-01-20 11:27:18'),(26,63,'dolores',7126,'43276',80,'1991-03-13 06:01:05','2003-04-04 00:45:12'),(27,83,'numquam',9,'627214785',96,'1992-09-24 22:31:02','2008-01-05 09:27:03'),(28,39,'ab',4523,'4727457',73,'1991-09-14 07:41:24','1998-09-07 10:01:07'),(29,46,'et',91933451,'70309',82,'1995-01-13 04:32:49','1998-09-19 01:05:34'),(30,79,'aut',36585574,'30480464',56,'2005-10-09 20:51:47','1977-11-05 23:16:53'),(31,67,'vel',50411,'831881',64,'1976-09-17 12:30:36','2003-03-03 06:50:42'),(32,52,'fugit',424041,'1307',85,'1994-03-15 09:19:56','1979-10-26 05:02:06'),(33,55,'ullam',64118,'83',57,'2007-08-25 06:32:23','1977-02-14 16:13:03'),(34,15,'dolores',20118,'147350',92,'2001-03-16 17:12:26','1998-05-15 12:30:49'),(35,24,'aperiam',8,'8',28,'1982-11-13 11:17:00','2019-07-14 05:25:29'),(36,72,'et',757439,'4',61,'1979-03-16 05:27:57','1977-01-03 01:43:35'),(37,96,'vel',681139,'2',12,'1977-06-06 01:00:39','1998-04-20 11:23:32'),(38,24,'et',25,'6602025',86,'2019-07-05 19:54:35','2017-03-21 09:07:31'),(39,72,'animi',575,'884',25,'1986-05-27 07:10:25','1986-10-07 17:16:22'),(40,94,'sunt',85186369,'575078',34,'1982-10-07 23:18:23','2018-09-25 07:49:15'),(41,5,'rerum',354,'19431071',77,'1987-07-09 03:18:10','1990-09-18 05:06:29'),(42,29,'vel',432394396,'5',43,'1999-11-11 21:45:06','1982-01-25 19:18:53'),(43,50,'et',0,'5716264',74,'1996-07-28 16:34:21','1981-10-07 21:46:09'),(44,25,'quia',8461375,'4033780',28,'1982-10-05 18:08:54','1970-08-06 08:10:19'),(45,30,'ipsa',7379,'19190383',92,'1984-05-29 20:36:13','1994-11-15 18:52:31'),(46,92,'laborum',2759897,'37',81,'1985-08-23 00:39:32','1979-08-26 23:10:26'),(47,76,'doloribus',1742,'2480512',47,'2004-10-23 08:45:31','2003-11-25 19:40:32'),(48,38,'sit',8028,'4978',91,'1972-01-08 15:48:17','1990-06-04 13:13:52'),(49,38,'quia',48989,'17',16,'1991-01-08 13:56:02','1978-02-15 14:36:40'),(50,67,'consequuntur',74085320,'721228235',61,'2015-07-01 13:51:12','2002-07-27 13:29:30'),(51,44,'voluptate',22890,'4',39,'2000-07-23 18:06:58','2007-11-28 21:20:57'),(52,22,'vel',11,'7854',39,'1970-07-22 03:52:17','1978-01-24 03:09:29'),(53,24,'dolore',23927,'260819',21,'2015-02-11 14:09:17','2009-10-23 22:51:22'),(54,70,'in',20437503,'5290527',18,'1988-12-10 17:09:41','1989-06-15 11:20:45'),(55,55,'est',64,'9',74,'2009-06-28 08:21:11','2007-03-30 15:50:17'),(56,95,'dolorem',2,'4',83,'2004-07-16 13:29:31','2010-06-26 10:34:03'),(57,57,'recusandae',834,'67414',42,'2005-08-27 17:14:13','2002-07-17 21:55:03'),(58,67,'enim',859,'2576659',9,'1976-07-14 23:56:06','2012-02-02 10:32:23'),(59,9,'est',0,'454',5,'1981-12-04 10:50:13','1999-07-27 21:12:49'),(60,99,'voluptatem',34,'93661855',46,'1973-06-22 15:16:20','1985-09-16 05:05:27'),(61,21,'saepe',7,'74941',66,'1988-11-25 05:57:59','1985-01-02 03:33:14'),(62,7,'quaerat',555574111,'147104',64,'1992-04-14 20:02:23','2015-04-26 13:16:12'),(63,4,'et',84363,'64888',28,'2005-04-22 15:51:19','1995-02-27 11:46:27'),(64,2,'tempore',148,'6',53,'2012-11-21 13:28:47','2016-05-30 07:28:27'),(65,73,'a',82009608,'7972000',26,'1989-04-24 20:15:58','2006-10-25 00:42:05'),(66,74,'aut',2,'22',42,'1982-08-19 15:52:14','2007-04-30 11:22:17'),(67,44,'incidunt',312274,'6786',28,'1998-02-01 00:12:41','1987-02-02 04:36:13'),(68,16,'aspernatur',688577120,'603451',38,'2015-05-09 03:39:17','1989-01-13 10:11:05'),(69,11,'et',1683,'678976604',32,'1979-11-06 16:30:31','1985-02-25 04:09:03'),(70,81,'et',788148195,'266212',67,'1972-10-19 09:40:48','1975-08-31 01:53:44'),(71,73,'aliquid',879446,'63',52,'1975-03-14 17:46:03','1975-07-30 23:35:58'),(72,53,'consectetur',2061480,'90108',6,'1996-01-26 13:22:34','2018-06-12 04:00:22'),(73,14,'earum',9117003,'35',20,'2003-08-24 18:07:49','1977-10-01 02:40:27'),(74,14,'eius',0,'240469845',22,'2004-08-05 04:57:40','1974-02-23 01:12:51'),(75,24,'sint',165516227,'272',12,'2010-12-21 03:05:15','2012-12-02 23:43:57'),(76,67,'dolor',3,'377',44,'1977-04-09 15:52:57','2006-01-06 05:27:04'),(77,77,'rerum',849,'60594215',74,'1997-06-14 06:45:48','2018-09-28 15:39:10'),(78,8,'dolores',52,'908711',80,'2002-04-14 05:06:59','1973-12-22 19:32:40'),(79,2,'sit',495985360,'646893130',9,'1992-07-23 04:00:06','1987-03-22 08:55:35'),(80,33,'mollitia',8634192,'5',75,'1995-05-02 17:44:05','1984-07-20 15:19:19'),(81,35,'eius',512,'422',7,'2019-12-11 11:13:31','1980-04-24 19:16:22'),(82,17,'perspiciatis',694,'1902049',78,'1998-01-21 10:42:57','2004-06-15 18:24:37'),(83,34,'consequatur',56,'772086681',32,'1972-04-20 00:17:34','1996-11-07 16:43:11'),(84,15,'qui',2122,'35',44,'2003-05-20 04:32:36','2011-04-22 05:05:23'),(85,64,'debitis',0,'557962',95,'1991-02-16 23:07:23','1983-08-28 10:52:36'),(86,11,'dolorem',20070593,'98',37,'1998-02-05 06:22:39','2003-07-13 15:25:29'),(87,46,'ut',0,'5',63,'1973-08-25 19:40:16','1999-05-26 22:56:31'),(88,42,'inventore',62300242,'246',59,'1996-03-29 13:45:19','2002-09-07 22:17:34'),(89,82,'est',21,'99039',55,'1987-01-22 14:22:29','1980-06-22 05:26:33'),(90,80,'optio',33,'56037',6,'1988-10-29 16:19:13','2016-04-28 07:08:55'),(91,67,'nihil',1420,'4',47,'1985-07-23 11:50:49','2000-11-24 15:29:10'),(92,49,'voluptatem',13138764,'7',44,'2017-05-22 04:54:14','1975-04-27 02:34:07'),(93,21,'in',248431,'49341684',56,'1974-01-25 10:31:55','2002-05-31 20:20:32');
/*!40000 ALTER TABLE `media` ENABLE KEYS */;
UNLOCK TABLES;

--
-- Table structure for table `media_types`
--

DROP TABLE IF EXISTS `media_types`;
/*!40101 SET @saved_cs_client     = @@character_set_client */;
/*!50503 SET character_set_client = utf8mb4 */;
CREATE TABLE `media_types` (
  `id` int unsigned NOT NULL AUTO_INCREMENT COMMENT 'Идентификатор строки',
  `name` varchar(255) CHARACTER SET utf8 COLLATE utf8_unicode_ci NOT NULL COMMENT 'Название типа',
  `created_at` datetime DEFAULT CURRENT_TIMESTAMP COMMENT 'Время создания строки',
  `updated_at` datetime DEFAULT CURRENT_TIMESTAMP ON UPDATE CURRENT_TIMESTAMP COMMENT 'Время обновления строки',
  PRIMARY KEY (`id`),
  UNIQUE KEY `name` (`name`)
) ENGINE=InnoDB AUTO_INCREMENT=101 DEFAULT CHARSET=utf8 COLLATE=utf8_unicode_ci COMMENT='Типы медиафайлов';
/*!40101 SET character_set_client = @saved_cs_client */;

--
-- Dumping data for table `media_types`
--

LOCK TABLES `media_types` WRITE;
/*!40000 ALTER TABLE `media_types` DISABLE KEYS */;
INSERT INTO `media_types` VALUES (1,'alias','1984-03-22 00:58:19','1995-09-02 11:42:10'),(2,'eius','1986-04-05 09:24:47','1975-02-21 15:24:45'),(3,'nihil','1990-10-08 22:52:31','2000-10-01 06:42:39'),(4,'rerum','1975-12-01 16:32:59','2013-07-21 19:45:54'),(5,'placeat','2010-02-28 13:50:10','1996-03-20 22:14:47'),(6,'mollitia','1977-03-20 07:09:50','1995-07-25 04:16:33'),(7,'qui','1992-03-19 19:32:37','1975-04-03 05:57:07'),(8,'dignissimos','1983-07-14 22:18:13','1988-04-10 21:34:00'),(9,'sit','2009-06-29 04:21:28','2003-08-03 11:19:02'),(10,'facilis','1976-07-20 16:06:46','2011-01-14 15:07:27'),(11,'ea','2012-04-23 05:37:05','2020-04-17 03:52:16'),(12,'quis','1972-11-14 20:21:40','1981-09-21 03:47:38'),(13,'commodi','1979-08-05 06:45:09','1987-05-06 15:49:19'),(14,'sed','1998-09-25 07:35:54','1996-04-26 07:59:12'),(15,'rem','2003-08-20 13:49:11','1972-05-07 07:39:03'),(16,'exercitationem','1974-08-10 23:48:59','2015-01-09 02:42:11'),(17,'dolorem','1982-01-30 14:32:43','1977-11-01 06:10:11'),(18,'consequuntur','2007-02-07 01:47:07','1978-01-25 05:26:06'),(19,'nisi','1970-11-11 10:30:33','1989-06-19 09:26:25'),(20,'iure','1978-07-29 16:07:14','1997-12-24 22:12:38'),(21,'maxime','1997-06-03 08:58:14','1980-06-12 19:41:01'),(22,'assumenda','2018-02-01 12:24:57','1993-10-01 15:22:06'),(23,'et','1990-04-19 04:33:14','2000-11-28 15:44:50'),(24,'non','1987-07-24 20:52:30','2001-05-20 14:44:46'),(25,'aliquid','2015-05-29 10:37:03','2001-02-27 08:46:30'),(26,'optio','2010-06-15 13:20:56','2004-08-29 03:49:17'),(27,'voluptatibus','1978-04-18 16:33:59','2004-01-02 16:30:43'),(28,'unde','1993-01-16 08:47:28','1977-03-17 05:26:02'),(29,'perferendis','1983-07-27 15:19:45','2011-03-08 06:31:13'),(30,'ut','2007-01-14 01:55:47','1994-08-23 11:06:24'),(31,'suscipit','1977-11-07 17:22:02','2005-05-31 09:21:11'),(32,'vel','2008-03-31 19:11:37','1988-06-21 17:57:21'),(33,'dolor','1973-07-27 22:52:36','2008-06-09 08:39:56'),(34,'cum','2006-05-06 10:03:20','2004-01-04 13:01:48'),(35,'distinctio','1981-09-17 02:19:42','1992-11-27 19:14:35'),(36,'quo','1986-10-31 18:29:23','2019-05-18 12:41:58'),(37,'tenetur','1998-02-12 08:28:03','1973-11-14 13:42:30'),(38,'hic','2011-07-12 01:21:46','1990-09-07 21:55:03'),(39,'ipsa','2014-05-26 00:57:42','1983-09-10 07:24:52'),(40,'facere','2004-11-09 13:55:19','1984-08-11 15:11:34'),(41,'aut','2004-11-05 19:16:39','1987-09-17 00:54:02'),(42,'consequatur','2000-06-24 23:32:01','2000-04-16 01:27:20'),(43,'error','1998-10-11 12:52:30','1992-02-19 13:31:04'),(44,'dolore','2002-11-25 03:20:48','2001-05-14 17:27:06'),(45,'voluptatum','1983-01-24 10:46:58','1983-08-02 23:24:11'),(46,'accusamus','1996-05-30 13:59:08','2015-01-07 20:33:42'),(47,'quia','1971-10-09 13:59:17','1993-05-13 21:28:14'),(48,'temporibus','2007-05-28 14:58:01','2006-08-10 22:46:52'),(49,'vero','1999-09-06 11:59:33','1971-08-19 07:14:09'),(50,'sunt','2011-06-23 01:36:45','1992-12-07 14:04:55'),(51,'cupiditate','2006-10-10 17:14:08','2003-02-21 17:49:43'),(52,'occaecati','1992-07-31 00:16:02','1976-11-25 15:13:50'),(53,'recusandae','1978-07-14 08:24:13','1990-07-10 11:39:58'),(54,'repellendus','2006-07-24 09:48:42','2005-12-09 02:55:58'),(55,'nulla','2009-08-18 08:19:30','1995-11-06 04:47:05'),(56,'deleniti','1976-03-27 05:59:33','2014-10-02 08:43:38'),(57,'perspiciatis','1970-01-08 14:59:05','1989-08-30 03:05:20'),(58,'dolores','2007-12-05 04:30:17','1972-03-23 08:02:35'),(59,'quibusdam','2012-02-03 12:17:57','1995-04-19 08:37:25'),(60,'voluptatem','2002-09-15 21:59:09','1989-06-07 18:27:53'),(61,'quasi','1976-03-14 13:51:25','1984-01-19 00:08:30'),(62,'numquam','1987-03-28 02:13:55','1978-08-23 18:07:04'),(63,'at','1970-05-29 08:21:57','1999-11-26 12:09:55'),(64,'pariatur','1995-04-05 09:20:06','1972-12-11 22:19:33'),(65,'in','2015-04-15 15:24:11','1997-11-25 10:40:17'),(66,'laboriosam','2011-02-08 12:01:12','1994-02-18 16:17:24'),(67,'voluptas','1972-04-08 23:47:53','2005-08-18 05:39:14'),(68,'est','1980-10-24 19:31:51','1978-02-19 06:57:30'),(69,'aliquam','2006-04-14 21:52:27','1977-08-29 22:49:00'),(70,'voluptates','1977-06-02 19:06:02','1978-04-28 20:49:40'),(71,'eos','1981-01-13 10:37:02','1971-06-11 18:51:23'),(72,'earum','1986-05-21 20:31:33','2006-09-22 21:03:40'),(73,'a','1999-07-24 09:08:19','2001-08-04 07:24:05'),(74,'tempore','1976-08-02 15:47:35','1992-08-13 03:11:27'),(75,'ad','2016-12-19 16:42:40','2010-06-03 08:43:37'),(76,'velit','2007-10-19 01:09:31','1985-09-24 19:25:42'),(77,'tempora','2014-03-22 05:21:18','1989-06-29 05:36:56'),(78,'eaque','1987-11-25 11:14:52','1993-10-04 21:39:29'),(79,'magnam','2007-08-28 09:41:03','1972-04-25 15:49:40'),(80,'culpa','1975-08-13 04:57:32','1993-05-14 19:39:30'),(81,'omnis','1997-01-08 15:57:43','1992-03-15 11:00:02'),(82,'sapiente','1974-10-18 00:23:41','2010-07-20 12:42:02'),(83,'sint','1996-05-06 23:42:21','1973-05-09 04:00:18'),(84,'autem','2000-04-15 13:10:39','2018-09-30 06:31:41'),(85,'voluptate','1973-09-25 10:11:41','1986-12-27 07:31:36'),(86,'nobis','1982-01-19 22:25:19','2011-12-09 19:55:42'),(87,'amet','2002-07-30 05:07:37','1993-10-29 21:34:56'),(88,'eligendi','1990-03-27 10:03:07','2006-07-25 17:22:27'),(89,'quas','1977-05-02 04:21:50','1985-10-06 06:15:48'),(90,'totam','1985-04-15 11:25:20','1994-08-12 14:56:03'),(91,'odit','1982-06-05 06:16:26','1976-09-04 02:59:08'),(92,'eveniet','1980-09-05 13:09:46','2006-10-01 23:47:24'),(93,'explicabo','2011-08-19 08:34:40','1970-08-04 12:16:43'),(94,'eum','2005-07-25 06:05:23','2000-06-11 23:42:12'),(95,'necessitatibus','2013-12-25 13:57:07','1997-06-28 18:59:56'),(96,'magni','2008-07-11 03:18:11','1983-05-28 23:15:09'),(97,'ullam','2010-04-30 23:30:57','2018-10-28 17:41:16'),(98,'ex','2020-01-17 00:23:40','1976-04-13 15:09:11'),(99,'ratione','1980-04-06 10:34:34','2004-07-08 23:42:24'),(100,'reprehenderit','2012-12-27 00:59:29','1992-08-15 16:29:26');
/*!40000 ALTER TABLE `media_types` ENABLE KEYS */;
UNLOCK TABLES;

--
-- Table structure for table `messages`
--

DROP TABLE IF EXISTS `messages`;
/*!40101 SET @saved_cs_client     = @@character_set_client */;
/*!50503 SET character_set_client = utf8mb4 */;
CREATE TABLE `messages` (
  `id` int unsigned NOT NULL AUTO_INCREMENT COMMENT 'Идентификатор строки',
  `from_user_id` int unsigned NOT NULL COMMENT 'Ссылка на отправителя сообщения',
  `to_user_id` int unsigned NOT NULL COMMENT 'Ссылка на получателя сообщения',
  `body` text CHARACTER SET utf8 COLLATE utf8_unicode_ci NOT NULL COMMENT 'Текст сообщения',
  `is_important` tinyint(1) DEFAULT NULL COMMENT 'Признак важности',
  `is_delivered` tinyint(1) DEFAULT NULL COMMENT 'Признак доставки',
  `created_at` datetime DEFAULT CURRENT_TIMESTAMP COMMENT 'Время создания строки',
  PRIMARY KEY (`id`)
) ENGINE=InnoDB AUTO_INCREMENT=101 DEFAULT CHARSET=utf8 COLLATE=utf8_unicode_ci COMMENT='Сообщения';
/*!40101 SET character_set_client = @saved_cs_client */;

--
-- Dumping data for table `messages`
--

LOCK TABLES `messages` WRITE;
/*!40000 ALTER TABLE `messages` DISABLE KEYS */;
INSERT INTO `messages` VALUES (1,96,94,'Qui illum ex dolorum soluta nemo. Doloribus voluptatem nihil aut nesciunt iusto illum. Est dicta vel ea tempore mollitia. Laudantium veritatis quo sit et commodi.',0,1,'1993-01-31 14:19:21'),(2,67,67,'Rerum consequatur velit libero qui. Voluptatem odio ex perferendis neque totam doloribus. Optio animi laudantium error facere.',0,1,'2008-03-17 12:31:03'),(3,8,5,'Aut esse aliquam ratione. Qui omnis magni tempore nihil velit. Delectus debitis consequatur ipsa non.',0,1,'2004-06-28 23:23:50'),(4,6,30,'Omnis quidem quia nostrum voluptatibus. Et saepe consectetur odio qui accusamus.',0,0,'1976-12-06 23:15:06'),(5,21,90,'Distinctio velit architecto cumque. Dolorem voluptatem qui impedit optio nihil aut. Quis aperiam hic sapiente in hic et voluptates. Natus porro labore in nulla eveniet aut omnis.',1,1,'2018-12-17 18:27:05'),(6,36,12,'Voluptatem distinctio eaque in ullam quia quo. Cupiditate qui natus harum vel voluptas autem ratione quibusdam. Illum reiciendis numquam et mollitia eveniet mollitia.',0,1,'2017-01-13 12:35:55'),(7,75,93,'Excepturi laborum et perferendis. Saepe commodi voluptates qui. Natus fugiat explicabo sint beatae sint voluptas ut eum. Hic omnis commodi quaerat nulla beatae ullam aut.',0,0,'2000-04-24 20:54:44'),(8,61,11,'Dolores totam reprehenderit maiores iure vel. Quis omnis labore culpa illo praesentium ut quia. Magnam et aut consequatur voluptatem omnis laborum omnis. Et incidunt mollitia aut neque quia.',0,1,'1996-04-10 06:24:13'),(9,41,92,'Exercitationem amet expedita saepe iste laboriosam asperiores unde occaecati. Sit nemo nihil sint odit qui modi esse. Voluptatem est repellat numquam occaecati.',1,0,'2010-02-16 15:04:17'),(10,30,100,'Doloremque necessitatibus facere porro iure aperiam ipsa. Porro non perspiciatis unde delectus.',0,1,'2004-08-01 19:56:49'),(11,28,33,'Necessitatibus corporis cumque vel esse. Corrupti sapiente quas est sit qui nulla sit vel. Exercitationem rem qui saepe impedit vero quis.',0,1,'1994-02-07 01:59:16'),(12,15,2,'Molestiae est officiis sunt voluptas totam. Delectus ut voluptas vitae nobis doloribus ut velit. Fuga dolor amet culpa totam maxime cumque.',1,0,'1977-02-25 23:28:54'),(13,55,24,'Recusandae iure voluptatem itaque dolorum est. Ipsa neque numquam atque natus. Et quia impedit doloribus a minus voluptatem recusandae. Alias minus rerum facilis ut ipsam veritatis.',0,0,'1993-10-03 10:58:09'),(14,82,83,'Blanditiis enim cupiditate culpa. Aut nesciunt architecto dolores quo harum a omnis. Ex qui voluptatem sint itaque eius excepturi harum. Et quod consectetur labore assumenda quibusdam.',0,0,'1976-04-16 04:53:21'),(15,66,52,'Iusto neque maiores qui accusantium nobis. Et est ut vitae voluptatibus qui. Unde eaque et animi veritatis eos. Pariatur aut placeat et harum nesciunt. Aliquam nihil voluptas quod dolores.',1,0,'1985-10-12 14:06:09'),(16,71,61,'Qui qui dolorem reprehenderit dolore est. Impedit omnis tempore perferendis sint et recusandae nostrum.',1,1,'1991-10-11 07:05:19'),(17,46,37,'Odit quibusdam vitae doloribus aut. Officiis officia sed illum labore rem possimus consequuntur eligendi. Aut deserunt perspiciatis delectus ut aperiam. Sit laborum quia veritatis.',0,1,'1974-11-29 19:13:56'),(18,28,54,'Assumenda alias sunt voluptates soluta aliquid iusto beatae. Non reprehenderit eos dolore aperiam accusamus id. Neque ut porro iusto ad quae est. Praesentium blanditiis vel deserunt alias.',1,1,'2000-06-12 02:23:23'),(19,41,33,'Eligendi non architecto qui suscipit molestiae ut officia. Et ab pariatur quia reiciendis occaecati eos. Quod sunt minima et sit est laudantium. Quis facilis eius molestiae harum facere.',1,0,'1983-12-19 05:13:14'),(20,83,62,'Qui eum ea maxime dolor fugiat. Labore sint autem culpa quo. Optio quod quia quae aliquid quis et facere cum.',1,0,'2003-08-12 07:41:29'),(21,23,18,'Temporibus necessitatibus ipsa enim ut asperiores. Repellat consequatur suscipit sed asperiores qui est quia. Expedita maxime qui eum laboriosam. Adipisci nemo id suscipit veritatis illo quo quisquam quibusdam.',0,0,'2002-09-07 12:36:17'),(22,73,97,'Id ea consequatur hic beatae magni. Placeat dolores a tenetur aliquam et odio est. Excepturi officiis eius iusto numquam nostrum possimus.',1,0,'2018-02-24 01:29:34'),(23,11,34,'Nobis asperiores voluptatem aut dolorem et. Nihil rerum et et asperiores sequi eum. Qui provident velit expedita. Non ipsam possimus dignissimos facere vel aut.',1,0,'2009-01-17 18:49:26'),(24,8,51,'Laboriosam molestiae velit ducimus quo iure. Officia laborum ex animi ea aut itaque. Qui molestiae molestias ullam quia id totam. Et fugit amet similique harum quos.',0,0,'1994-11-21 05:37:06'),(25,26,37,'Expedita est qui illo est. Quo aperiam quia et dignissimos. Dolor rerum est enim maxime. Qui quia maiores ducimus.',1,0,'1989-12-09 12:29:41'),(26,50,53,'Non expedita sit inventore laboriosam aut omnis debitis. Aut reiciendis dignissimos quisquam enim id. Illo dolores laboriosam ut vitae ut eum. Natus quos tempore excepturi laborum quae magnam explicabo.',1,1,'2003-05-29 04:02:48'),(27,70,65,'Illo ad quo aut amet facere. Dolorem praesentium perspiciatis aut aperiam est eaque. Rerum repellat facere nesciunt nisi voluptatem. Quos cumque et sint quia.',0,0,'1991-11-28 17:34:00'),(28,55,25,'Nobis sit vel reprehenderit incidunt ut commodi nostrum ut. Quo sint qui fugiat cum. Est sed dolores nobis consequatur voluptatem similique animi. Aliquam in porro vel unde quae mollitia.',0,1,'2010-01-06 00:12:43'),(29,88,36,'Et reprehenderit corrupti delectus aliquid. Aspernatur porro nulla vel laudantium omnis ut rerum. Commodi ut nisi tenetur natus perspiciatis. Voluptas doloribus quisquam sapiente autem beatae.',1,1,'1988-10-07 04:45:14'),(30,7,54,'Animi reprehenderit architecto tenetur quia libero consequatur beatae. Commodi voluptatibus accusantium nisi culpa. Et illo et tempore itaque aut ex ut sit. Et quia similique impedit.',1,0,'1995-01-01 11:14:02'),(31,88,77,'Enim soluta laudantium ut repellat. Maxime et dolorem nemo libero. Nulla quam sint itaque. Nulla quod quibusdam dolor magnam deleniti vitae dolor.',0,0,'1992-03-02 23:42:14'),(32,14,33,'Voluptates at in aut ea commodi earum. Quia vel dolorem tempore sunt debitis. Harum officiis a ipsam voluptatem.',1,1,'1999-01-06 01:07:40'),(33,14,41,'Voluptate sint corporis aliquam commodi incidunt. Mollitia ab atque occaecati placeat quae esse.',0,0,'1990-03-31 04:39:26'),(34,86,55,'Repudiandae error pariatur facere eveniet non. Nam eligendi omnis delectus quae molestias. Ad omnis aut laboriosam harum ea. Enim nemo sit ad maiores possimus perferendis sit.',1,0,'1999-07-23 18:04:36'),(35,74,69,'Incidunt voluptates laboriosam quia. Consectetur quasi vel cum quibusdam mollitia eos. Libero adipisci et minima voluptatem.',1,1,'2020-04-01 22:00:37'),(36,16,96,'Voluptas cumque aut deserunt repellat sit. Fugit sed illum ullam dolorum fugiat numquam ut expedita. Et nemo atque molestiae voluptatibus.',1,1,'1998-11-13 20:06:14'),(37,87,89,'Reprehenderit et nulla harum iure fugiat. Quo qui qui quidem placeat quam ut. Earum voluptatem et est velit reiciendis voluptatibus recusandae. Incidunt neque amet dolorum explicabo illo iste.',1,1,'1999-03-16 18:35:29'),(38,93,97,'Quia inventore saepe nobis explicabo molestiae reprehenderit. Est laborum unde et id. Ipsum fuga beatae pariatur velit quis consequuntur assumenda. Qui sunt rerum ullam maiores laudantium voluptate qui molestias.',1,0,'1972-09-22 08:12:18'),(39,23,100,'Inventore dolore in adipisci occaecati temporibus omnis ratione. Dolor quo consequatur sunt perspiciatis assumenda. Vel voluptatem qui sed ab fugit id eum. Repellendus fuga rem consequatur eaque cupiditate.',0,1,'1972-05-01 13:05:21'),(40,48,48,'Consectetur et quia asperiores eveniet nihil qui dignissimos itaque. Non a fugiat autem dolores quidem ut ullam. Nostrum optio quos quia amet vero fuga culpa. Assumenda autem reiciendis dolore eum maxime est suscipit.',0,1,'2004-05-26 08:17:06'),(41,36,98,'Perferendis porro qui eaque doloribus reiciendis similique eos omnis. Dolore officiis sed quia qui possimus consequuntur. Quisquam voluptate voluptas ea est voluptatem. Sed qui qui qui quo.',0,0,'1996-11-20 11:10:17'),(42,1,6,'Repellat voluptate dignissimos fugiat incidunt voluptatem. Qui quidem aliquam enim asperiores perferendis corporis at et. Non labore excepturi sit voluptas. Soluta consequuntur perferendis rerum aspernatur.',0,0,'1998-01-25 17:18:13'),(43,62,55,'Corrupti occaecati sint et quis et vel et. Ut culpa tempore qui ut soluta assumenda nisi consequuntur.',0,0,'2003-09-19 16:11:34'),(44,30,50,'Laborum dignissimos similique ab tempore et et. Sed aut dolore voluptatum sint aut blanditiis ut tempora. Ab distinctio facere quia perspiciatis quidem est repellat. Aut corporis ipsam vitae necessitatibus.',1,0,'1975-11-11 19:24:45'),(45,91,37,'Inventore voluptatum id cumque enim. Consequatur rerum atque omnis ut maxime quasi voluptatem.',1,1,'1994-03-24 13:36:22'),(46,3,78,'Pariatur incidunt rerum unde ipsum eveniet. Quia ad magnam accusamus rem. Ut iure voluptas consequatur veritatis. Non vel natus doloribus fuga neque ducimus commodi.',1,0,'1997-10-05 17:28:36'),(47,14,17,'Voluptatum architecto quos voluptatibus possimus adipisci dolorem. Dolores quisquam hic inventore natus id. Fugiat qui dolor quis qui facere aspernatur dolore reprehenderit.',0,1,'1993-12-24 01:38:24'),(48,10,27,'Hic eaque sed quia est sint harum hic consectetur. Voluptas commodi sapiente at ipsum. Maiores praesentium vel alias et repudiandae qui et. Tempora neque at excepturi.',1,1,'1990-08-05 06:35:29'),(49,58,96,'Eveniet non quia vero molestiae. Quo corporis porro quas dolores vitae. Est qui neque laborum et. Voluptate ut dolore dolor perspiciatis laudantium.',0,0,'2013-06-09 11:33:50'),(50,81,32,'Dicta officiis maiores quis ipsa. Voluptatem iste voluptatem maiores id dignissimos laboriosam. Provident eos voluptate pariatur dolore occaecati.',1,1,'2004-01-14 00:43:28'),(51,65,97,'Aliquam libero ducimus molestiae voluptatum beatae et et. Non dolore facere esse. Voluptatem quis delectus blanditiis ut iste tenetur laboriosam officia.',0,0,'1982-01-03 13:54:03'),(52,27,51,'Dolorem cupiditate possimus vero. Cupiditate et minima est fugiat. Nemo architecto optio qui quibusdam.',0,1,'1997-02-24 20:33:24'),(53,85,19,'Natus quod nulla incidunt. Eos ipsam vel nesciunt quaerat quasi et et. Aut sapiente tempore voluptas eum atque sunt. Placeat libero sint et laboriosam odit.',0,0,'2012-09-12 23:34:04'),(54,48,7,'Laborum consectetur id vitae velit consequatur quisquam. Nostrum voluptatem dignissimos accusamus dolor. Et id facere iure nihil. Molestias pariatur fugiat eligendi animi et earum fuga dicta. Eligendi eos veniam illum est ut perspiciatis porro.',1,1,'1997-07-09 11:59:22'),(55,19,95,'Perspiciatis minima rerum est. Ut incidunt quod reiciendis ex laboriosam dolorum est. Nemo ipsam est voluptatem eius.',1,1,'1998-02-08 14:39:03'),(56,55,55,'Eius dolorum libero non deleniti tempora praesentium maxime dolorum. Porro qui adipisci fugiat expedita et. Voluptas illo eaque dicta qui ullam.',1,0,'1983-12-16 13:32:42'),(57,92,55,'Et sit qui rerum minus. Expedita optio omnis molestias earum impedit. Dolorum sunt possimus asperiores cumque magni sapiente. Error velit id quisquam quibusdam quas. Eum voluptatibus dolores autem fuga ex.',0,1,'1992-10-16 23:56:38'),(58,60,54,'Nobis error impedit quidem ab voluptatem dolor repellat. Velit ipsam dolorem et eligendi dolor fuga optio aspernatur. Eligendi at dolorem nostrum quis et doloremque consequatur.',0,1,'1978-02-28 20:05:45'),(59,10,89,'Voluptatum facilis atque est in sint consectetur. Esse sapiente beatae ut autem. Et doloremque ea blanditiis beatae dolore quaerat.',1,1,'1993-04-21 18:35:42'),(60,4,100,'Occaecati aut in atque ipsam placeat aut accusantium. Ex asperiores recusandae vel doloribus est ipsam sint rem. Qui facilis rerum aspernatur. Impedit quam quasi quaerat itaque consequatur repellat magni consequatur.',0,0,'1975-05-20 22:58:25'),(61,25,7,'Omnis corporis ullam veritatis ad occaecati ullam. Illum ipsam vel voluptates assumenda voluptatem. Occaecati odio delectus id in autem veritatis alias consequatur. Provident voluptate itaque modi est commodi.',1,0,'1992-12-11 18:06:35'),(62,77,38,'In dolor excepturi culpa est corrupti. Vel quaerat sint atque repellendus praesentium dolorum. Consectetur porro aperiam voluptatem eaque et. Doloribus omnis et deleniti accusamus.',1,1,'1996-08-05 01:20:10'),(63,24,87,'Exercitationem quas rerum eaque doloremque voluptatem. Et sit velit omnis distinctio.',0,0,'2018-09-20 18:40:33'),(64,65,81,'Corporis nostrum sequi iusto eveniet quo quibusdam ullam culpa. Quasi consequuntur corporis quas distinctio cum. Autem aliquam in qui qui laudantium autem dicta.',1,1,'2003-07-20 13:47:15'),(65,82,46,'In est quam porro consequatur. Voluptatem quis impedit voluptate. Aut sed omnis pariatur et perferendis deleniti. Quis voluptas voluptatem quasi sit.',0,0,'1990-02-01 17:26:47'),(66,12,47,'In nihil veritatis ut. Eveniet nihil veritatis quas quia rerum illo illo.',0,1,'2008-05-23 13:24:46'),(67,42,39,'Nihil consequatur provident et. Enim id est non quaerat. Expedita animi labore id aut tempore commodi.',1,1,'2009-12-29 00:55:13'),(68,97,26,'Alias aliquid illum beatae illum. Aperiam ullam facilis et iure. Ad architecto ullam non omnis cum qui. Est quia tempore eveniet ullam aut hic iste.',0,1,'2007-05-01 00:03:49'),(69,58,45,'Porro sunt numquam numquam sunt. Ea quae cum dolores et laudantium suscipit. Est qui cum sapiente molestiae corporis minus praesentium cumque. Autem veritatis dolores deserunt voluptatem. Quia quas eum veniam quod aspernatur ipsum aut sequi.',1,1,'2005-06-10 03:58:39'),(70,33,76,'Ullam quis maiores dolore atque. Reiciendis reiciendis veritatis consequatur fugiat voluptas consequatur qui.',0,1,'2017-01-13 05:30:02'),(71,40,87,'Odio repellat hic aut sit accusantium. Eveniet sit non excepturi odio. Quidem animi officiis quia quae neque.',1,0,'2018-04-06 23:00:44'),(72,30,32,'Ullam qui dolores architecto error. Distinctio unde qui voluptatibus neque. Rem totam est delectus facilis.',0,0,'1982-10-06 22:27:10'),(73,41,89,'Et nulla magni eos. Ipsum et sequi tempore maiores incidunt. Fugiat qui itaque unde illum. Exercitationem odit aspernatur autem aut. Ullam omnis molestias non qui iste incidunt debitis.',0,0,'1991-07-11 19:58:47'),(74,85,50,'Odit expedita aut libero ipsa. Doloribus natus ut nobis cumque aut laborum necessitatibus commodi.',0,1,'1972-04-04 02:53:26'),(75,77,89,'Perferendis sit itaque facere odit ea est rerum. Quis nobis accusantium doloremque molestiae. Id id est nobis rem excepturi.',0,1,'2005-09-12 16:20:56'),(76,49,2,'Est porro qui totam rerum nesciunt recusandae expedita ut. Harum velit est labore ea quia qui. Perferendis sapiente labore aut est occaecati maxime.',1,1,'1980-12-17 00:36:24'),(77,95,26,'Numquam nulla ea rerum consequatur. Iure qui omnis libero aut molestiae quia. Officiis id explicabo unde ea.',0,1,'1998-07-27 16:43:45'),(78,40,18,'Eos maiores veritatis aspernatur quibusdam. Autem quis deserunt in doloribus accusamus. Et esse ut aspernatur eius similique. Est veniam minima est unde quis. Fuga omnis nobis culpa autem sint dolores molestias facere.',0,0,'1974-02-24 01:21:03'),(79,12,4,'Inventore blanditiis similique est officiis qui non. Dolores ab est nulla enim. Ut sequi aspernatur inventore at fugit.',1,1,'1979-01-13 19:42:54'),(80,99,94,'Harum cum iusto ullam omnis illum consequuntur. Totam qui nihil quae ut. Ut sunt quibusdam esse sit. Laudantium numquam harum blanditiis alias nisi facere commodi.',0,0,'2018-04-13 15:38:26'),(81,50,11,'Unde est aspernatur sequi dolor sunt non illum excepturi. Dolorem aut labore et commodi. Ut nihil adipisci sed et et cum delectus. Vero exercitationem rerum aspernatur accusamus et reiciendis.',1,0,'1977-08-05 15:34:45'),(82,40,91,'Molestiae quasi non incidunt. Cumque facere praesentium esse. Quasi ratione sunt atque nihil maiores beatae quae. Animi distinctio sunt ad minima. Assumenda atque et magni sapiente et est.',1,1,'1997-06-16 04:38:11'),(83,49,37,'Eaque sapiente corporis officia eos possimus deserunt. Enim ducimus minima corrupti ut et tempore aut et. Impedit assumenda explicabo quo distinctio sunt id ad.',0,0,'2018-12-06 08:57:02'),(84,16,6,'Et quis numquam neque commodi vel dolor veniam. Porro unde deleniti qui ut dolorum ducimus. Est aut cum non possimus ipsam nesciunt hic.',0,1,'1992-03-31 21:19:17'),(85,81,48,'Reprehenderit laboriosam dicta porro atque velit. Corporis dicta perspiciatis laboriosam vitae voluptatem. Aut fuga est rerum optio provident.',0,1,'2013-04-21 05:47:19'),(86,82,21,'Doloribus voluptatem eos quae. Voluptate eveniet tempora nobis aut et aut sed quod. Labore error ducimus voluptatibus ea culpa. Natus sed quae beatae pariatur quidem porro. Fugit dolorum alias exercitationem aut vitae rerum.',1,1,'2009-04-25 18:05:06'),(87,35,11,'Autem earum unde ad sunt quo alias nam impedit. Et dolorem aut eveniet quia.',1,0,'2019-01-22 02:46:17'),(88,52,75,'Nostrum voluptate et aut eaque eum unde. Sit assumenda minima beatae eius cupiditate. Error sapiente sit sit voluptas deleniti. Numquam eum aut sint sunt et deserunt molestias animi.',1,1,'2000-10-10 18:30:50'),(89,99,37,'Rem nisi et libero cum. Et nihil velit non odit. Est occaecati iusto quasi asperiores. Et assumenda illo quaerat maiores consequatur expedita ut qui.',0,0,'1996-03-27 09:40:58'),(90,25,76,'Quibusdam illo et pariatur ea dolores ut accusamus. Incidunt pariatur facilis tempore excepturi officia vel doloremque. Velit cumque placeat dolores sit earum.',1,0,'2013-05-08 22:39:11'),(91,25,74,'Exercitationem reiciendis facere fuga eos amet laboriosam voluptatem. Voluptates a sed ab sint. Labore voluptates qui et consectetur consequuntur cumque et.',1,1,'1993-11-27 23:40:16'),(92,78,20,'Velit quia harum adipisci tempore. Voluptatibus iusto neque voluptatem facilis incidunt labore tempora. Sint voluptatibus dolorem ut maiores dignissimos voluptatum. Tenetur non et molestiae voluptate quam nemo quasi.',0,0,'1975-06-12 18:02:14'),(93,100,17,'Enim aut tempora ea quo excepturi sit minus. Velit quia dignissimos qui velit est culpa. Odit qui aperiam sed necessitatibus sed voluptas. Consequatur quo et aperiam qui.',1,1,'1988-08-30 20:42:00'),(94,37,11,'Quia repellendus ab quisquam eum expedita qui dignissimos. Accusamus aut adipisci facilis doloremque voluptas non. Ut non necessitatibus nisi nostrum possimus laboriosam. Labore et perspiciatis deserunt.',0,0,'1987-11-21 12:34:42'),(95,21,36,'Et pariatur dolorum est magni nesciunt. Qui ratione doloribus quo sapiente laboriosam amet expedita. Est non est illum et eos.',1,1,'1985-09-05 03:08:33'),(96,5,70,'Et odio sed et voluptate velit dolores. Mollitia eos qui est est ut praesentium. Nesciunt nesciunt nulla sint. Est saepe ea ea illo rerum est.',1,0,'1972-05-20 01:12:13'),(97,46,44,'Et molestiae enim suscipit vel officia. Ut est in et dolorem sed aliquid.',1,1,'1993-09-12 06:02:40'),(98,61,95,'Et repellendus quis reiciendis eligendi et fugit consequatur. Nihil harum ut suscipit. Molestiae veritatis non rem veritatis minus quaerat tenetur. Sit neque possimus praesentium sint soluta.',0,0,'1986-06-03 06:23:24'),(99,81,76,'Sint maiores vitae fuga eos autem. Qui ut blanditiis cupiditate adipisci distinctio exercitationem consequatur. Reprehenderit porro eius eius aperiam accusamus iusto nesciunt. Modi perspiciatis quia et a.',1,0,'1987-03-15 14:04:30'),(100,1,61,'Ut veritatis unde nobis quis. Magni natus et animi ipsam et aperiam temporibus deleniti. Nobis tenetur assumenda a consequuntur. Incidunt distinctio hic aut explicabo ut.',0,0,'2002-01-24 13:37:10');
/*!40000 ALTER TABLE `messages` ENABLE KEYS */;
UNLOCK TABLES;

--
-- Table structure for table `profiles`
--

DROP TABLE IF EXISTS `profiles`;
/*!40101 SET @saved_cs_client     = @@character_set_client */;
/*!50503 SET character_set_client = utf8mb4 */;
CREATE TABLE `profiles` (
  `user_id` int unsigned NOT NULL COMMENT 'Ссылка на пользователя',
  `gender` char(1) CHARACTER SET utf8 COLLATE utf8_unicode_ci NOT NULL COMMENT 'Пол',
  `birthday` date DEFAULT NULL COMMENT 'Дата рождения',
  `city` varchar(130) CHARACTER SET utf8 COLLATE utf8_unicode_ci DEFAULT NULL COMMENT 'Город проживания',
  `country` varchar(130) CHARACTER SET utf8 COLLATE utf8_unicode_ci DEFAULT NULL COMMENT 'Страна проживания',
  `created_at` datetime DEFAULT CURRENT_TIMESTAMP COMMENT 'Время создания строки',
  `updated_at` datetime DEFAULT CURRENT_TIMESTAMP ON UPDATE CURRENT_TIMESTAMP COMMENT 'Время обновления строки',
  PRIMARY KEY (`user_id`)
) ENGINE=InnoDB DEFAULT CHARSET=utf8 COLLATE=utf8_unicode_ci COMMENT='Профили';
/*!40101 SET character_set_client = @saved_cs_client */;

--
-- Dumping data for table `profiles`
--

LOCK TABLES `profiles` WRITE;
/*!40000 ALTER TABLE `profiles` DISABLE KEYS */;
INSERT INTO `profiles` VALUES (1,'m','1995-06-06','New Damienfurt','Saint Martin','2020-04-25 20:57:19','1976-06-10 23:08:55'),(2,'f','1987-12-23','South Dolores','Hong Kong','1992-10-03 19:34:26','2002-07-11 01:02:57'),(3,'m','1971-05-21','East Ethyl','Anguilla','1977-09-23 07:59:47','1981-09-24 01:40:28'),(4,'m','2012-10-21','Camronport','Guatemala','2016-04-01 09:18:38','1970-05-17 02:20:09'),(5,'f','1984-03-02','Johnsonborough','Gambia','2005-04-01 17:33:00','2011-03-10 16:16:55'),(6,'m','2008-09-17','Darbytown','Russian Federation','1979-01-27 14:10:54','1999-06-14 03:07:23'),(7,'m','1980-11-11','South Jarvischester','Malta','1970-07-03 20:27:40','1998-05-20 02:29:08'),(8,'m','1998-06-06','Starkshire','Antigua and Barbuda','2006-01-09 13:59:16','2006-09-20 06:52:40'),(9,'m','2016-06-25','Lake Eldridgeton','Hungary','1970-12-04 10:42:47','1985-10-04 22:08:41'),(10,'m','2014-01-14','Clairemouth','Oman','2015-05-14 18:01:50','2004-03-29 20:55:58'),(11,'m','1970-03-11','Port Emiliano','Bosnia and Herzegovina','2007-07-27 08:37:19','2006-02-11 10:07:49'),(12,'f','1982-09-18','Port Lourdeshaven','Moldova','1985-01-03 03:45:25','1982-02-18 09:51:49'),(13,'m','2004-05-10','Lake Janelleshire','Albania','2002-07-04 18:56:50','1990-03-13 09:26:34'),(14,'f','1993-02-12','Hirthebury','Cyprus','1998-02-11 19:04:44','2016-06-02 12:01:24'),(15,'f','1982-03-09','Maximofort','Chile','1999-02-03 16:09:52','1993-01-07 14:18:37'),(16,'m','1980-03-22','Bauchberg','Vanuatu','1980-06-25 04:08:35','1983-01-17 17:06:28'),(17,'m','1986-03-20','Auermouth','Poland','1992-06-28 10:28:06','2018-05-14 22:39:31'),(18,'f','1995-10-27','Kamronbury','San Marino','2015-07-24 02:43:29','1996-10-26 16:32:37'),(19,'m','1984-11-12','Port Lamontchester','Nauru','1990-02-03 10:21:05','1988-07-04 18:23:09'),(20,'f','1979-04-21','Itzelfort','South Africa','1982-06-06 23:02:59','1988-05-14 05:30:19'),(21,'f','2014-02-08','Tremayneton','Nigeria','1993-11-24 09:21:58','2013-11-07 13:05:57'),(22,'m','1988-03-23','Port Kelsieburgh','French Polynesia','2001-03-30 06:13:57','1975-09-06 08:10:06'),(23,'m','2007-10-14','Ratkehaven','Turkmenistan','1987-05-11 20:18:00','2016-03-07 12:11:26'),(24,'f','1994-08-19','South Julianneland','Canada','2004-06-14 08:20:59','1987-06-13 10:50:36'),(25,'m','2009-10-29','Grimesmouth','Nauru','2017-08-29 03:55:31','2019-06-18 20:44:06'),(26,'m','2012-12-26','Leannonstad','Syrian Arab Republic','2009-12-28 15:51:00','2018-10-02 09:00:54'),(27,'f','1990-01-20','Ankundingville','Lao People\'s Democratic Republic','1998-12-13 13:39:22','2020-01-22 04:22:36'),(28,'m','1979-06-13','Doyleview','Burkina Faso','1983-09-04 11:18:03','2000-07-10 09:47:50'),(29,'f','1985-02-26','Goyetteville','South Africa','2013-10-12 08:36:28','1989-11-05 03:01:51'),(30,'f','1989-09-18','West Alvera','Bahrain','2002-04-30 12:35:48','2014-01-04 11:28:36'),(31,'m','1990-03-22','South Cordia','Namibia','2000-09-25 19:02:36','1971-09-20 02:33:36'),(32,'f','1985-06-12','Alysonfurt','Australia','1975-06-25 12:12:13','1975-11-02 20:58:41'),(33,'m','2018-02-05','Kunzechester','Mauritania','2005-09-17 06:18:50','1982-07-18 17:58:17'),(34,'m','2007-01-13','Gradyhaven','Falkland Islands (Malvinas)','1985-02-01 09:44:34','2010-03-31 07:41:12'),(35,'f','1982-06-16','Hodkiewiczton','Qatar','1979-08-17 00:50:55','1975-06-21 03:09:30'),(36,'f','1983-12-06','New Lonie','Kuwait','1984-01-20 17:22:57','1987-03-30 07:09:50'),(37,'f','1980-01-07','Abelhaven','Mexico','1975-12-25 17:35:19','1997-11-18 21:56:31'),(38,'m','2011-08-09','West Nikolastown','Sri Lanka','2015-09-23 19:53:21','1983-01-03 16:53:39'),(39,'m','1992-03-12','Brigittefort','Zimbabwe','1971-11-21 09:23:57','1988-11-12 19:06:03'),(40,'m','1976-12-11','Beierchester','Algeria','1973-05-27 18:34:11','2016-08-07 00:12:02'),(41,'m','2014-04-12','Edmundstad','Palau','1970-09-27 16:43:51','1983-01-25 21:56:12'),(42,'f','2016-03-21','West Jeffrey','Saint Helena','1996-12-01 08:32:11','2018-02-28 05:20:41'),(43,'m','1990-05-30','Roseton','Brunei Darussalam','2008-04-01 16:38:54','1983-09-05 13:17:07'),(44,'f','1989-12-21','Robertatown','Hungary','2011-12-14 04:35:36','2016-09-11 22:05:18'),(45,'m','2000-12-18','Faheyton','British Virgin Islands','1982-04-13 10:37:22','1974-06-17 23:38:35'),(46,'f','2007-09-14','North Brandyhaven','Lithuania','1984-02-15 08:27:05','1999-07-07 13:05:48'),(47,'f','1987-07-11','Aniyamouth','Bahrain','2017-01-25 10:27:31','1978-12-02 04:56:18'),(48,'f','1977-08-14','North Alycia','Saint Kitts and Nevis','2012-03-06 10:14:42','1970-12-22 18:41:55'),(49,'m','2007-05-13','Mayerborough','Taiwan','2008-05-22 14:18:26','2003-05-22 03:42:49'),(50,'m','1982-08-25','Sydniestad','Albania','1971-10-31 11:18:58','1972-12-25 05:23:46'),(51,'f','1984-05-29','Wildermanburgh','Romania','2018-11-28 09:34:10','1993-10-05 10:33:47'),(52,'f','1975-10-28','Stefanieton','British Virgin Islands','1993-05-21 14:16:39','1975-10-23 16:51:21'),(53,'m','2008-01-30','Rossport','Nicaragua','2000-05-22 11:25:40','2008-09-10 12:16:36'),(54,'f','1982-01-02','Port Barney','Denmark','1978-01-10 23:26:40','2015-03-27 17:19:17'),(55,'f','1985-07-11','Purdymouth','Bahamas','2012-07-22 10:11:06','2012-07-27 02:02:10'),(56,'m','2008-12-17','Abelview','Colombia','1973-08-05 07:49:00','1980-02-25 18:45:56'),(57,'m','1982-06-17','New Lennaview','Cocos (Keeling) Islands','1999-01-18 09:51:29','1970-08-17 09:19:09'),(58,'m','2001-06-26','Beattyfurt','Iceland','1999-05-20 19:17:49','1984-01-27 17:32:32'),(59,'f','1974-05-19','South Wyman','Bangladesh','1988-03-31 03:46:30','1983-12-07 01:47:38'),(60,'m','1984-09-16','Torpfurt','Kyrgyz Republic','2017-12-09 22:18:46','1972-04-12 20:50:55'),(61,'m','2016-12-23','Nicolasland','Kenya','2016-09-09 02:57:35','1979-02-17 05:32:03'),(62,'m','2020-06-03','Mavisfurt','Solomon Islands','2013-05-10 22:19:41','1996-04-18 23:38:07'),(63,'m','1999-01-03','Westonhaven','Brazil','1997-10-22 13:23:33','1998-08-20 17:07:47'),(64,'m','1989-02-07','Jacobsonchester','Ireland','2017-01-23 00:16:05','1985-08-15 13:21:34'),(65,'m','1982-08-19','North Wilmerbury','Bermuda','1972-12-27 15:53:45','2010-09-16 03:38:46'),(66,'f','2005-06-01','Gutmannside','Syrian Arab Republic','1977-06-23 13:00:53','1994-10-19 01:13:15'),(67,'f','1984-07-03','Vonside','Tajikistan','1991-05-04 23:14:29','1990-01-22 02:10:20'),(68,'f','2003-04-18','South Dorthaborough','Uganda','2016-10-29 18:23:54','1976-12-29 07:18:40'),(69,'m','2018-02-07','North Kenyon','Syrian Arab Republic','1979-08-13 23:39:35','1972-10-28 13:23:14'),(70,'f','1984-12-09','Christiansentown','Zimbabwe','2016-05-11 20:13:18','1999-06-03 10:25:11'),(71,'m','1984-12-16','Micheleside','Christmas Island','2005-02-22 15:45:37','1979-10-24 16:37:41'),(72,'m','1985-01-11','West Marlenside','Ethiopia','1996-09-18 21:02:48','1987-02-21 00:36:48'),(73,'m','2016-06-05','Port Margieberg','Uruguay','1999-12-27 07:50:41','2007-01-10 01:07:32'),(74,'m','1987-11-17','Maximillianbury','Brazil','1973-02-02 03:47:34','2004-07-13 16:29:57'),(75,'f','1982-04-18','Millerstad','Palau','1972-04-14 17:17:46','1971-06-25 19:08:17'),(76,'f','1978-07-30','Port Chasestad','Niger','2004-04-09 21:39:39','1993-11-12 17:49:00'),(77,'f','1972-01-30','South Christianaland','Albania','2000-06-14 16:22:14','1972-12-10 13:26:36'),(78,'m','2016-05-03','South Nicolette','Bouvet Island (Bouvetoya)','2016-02-18 21:35:45','1995-03-28 09:45:47'),(79,'m','1975-05-14','East Otis','Qatar','1978-04-17 08:13:57','1984-12-18 07:22:39'),(80,'f','1979-03-20','Brittanymouth','Central African Republic','2000-01-06 13:51:53','2006-12-18 06:10:07'),(81,'f','2009-08-01','New Helenaberg','Tanzania','2009-06-19 08:10:21','1992-11-28 00:50:06'),(82,'f','1999-04-24','Hollyborough','Palau','2007-06-27 05:03:32','2003-03-05 06:44:03'),(83,'f','1997-12-01','Port Wilford','American Samoa','2010-04-20 23:33:01','2007-02-01 14:22:35'),(84,'m','1999-05-13','Agnestown','United States Virgin Islands','2010-06-03 17:07:04','1992-09-13 11:18:21'),(85,'f','2002-01-11','Cassandreberg','Lesotho','1996-08-29 13:14:46','2015-05-19 13:35:26'),(86,'m','1973-01-07','Santinotown','Saint Kitts and Nevis','1978-06-04 04:29:41','1992-04-17 09:47:54'),(87,'m','2017-02-13','South Andrew','Romania','2018-12-28 01:49:28','2019-03-05 15:30:21'),(88,'m','2003-03-04','New Michelleborough','Slovenia','2017-06-18 01:58:37','2008-07-05 07:45:18'),(89,'m','1985-08-01','East Clay','Singapore','1996-04-15 16:54:04','2008-09-13 01:38:29'),(90,'f','1981-07-23','Abbottmouth','Uganda','1976-01-18 00:52:19','2003-03-29 11:41:47'),(91,'m','1971-04-09','Lake Maribel','Turkmenistan','1978-03-16 19:46:55','1999-06-08 17:38:08'),(92,'f','2000-07-17','Theodoreside','Israel','2018-04-29 14:52:49','1984-12-21 11:52:18'),(93,'f','1976-07-01','New Cary','India','1972-04-27 18:10:06','2008-12-12 11:03:27'),(94,'m','1980-10-29','Carsonmouth','Ethiopia','2011-09-28 22:40:43','1982-11-14 16:22:00'),(95,'f','2015-05-16','Schmelerbury','Saudi Arabia','1976-10-09 09:21:57','2003-06-01 23:33:32'),(96,'m','1974-02-19','Abshireside','Thailand','1984-05-25 20:17:29','1988-08-10 11:21:24'),(97,'f','1972-03-31','North Kipland','Kiribati','2008-04-21 00:21:12','1982-03-14 03:25:51'),(98,'m','1972-06-21','Aronview','Hong Kong','1978-02-27 05:27:27','2010-03-01 11:52:07'),(99,'f','2008-03-08','East Octaviaburgh','Mayotte','2006-04-08 01:10:42','1991-04-13 04:25:12'),(100,'f','1984-05-20','Nelliemouth','Serbia','1976-12-16 10:43:50','1976-05-07 21:43:40');
/*!40000 ALTER TABLE `profiles` ENABLE KEYS */;
UNLOCK TABLES;

--
-- Table structure for table `users`
--

DROP TABLE IF EXISTS `users`;
/*!40101 SET @saved_cs_client     = @@character_set_client */;
/*!50503 SET character_set_client = utf8mb4 */;
CREATE TABLE `users` (
  `id` int unsigned NOT NULL AUTO_INCREMENT COMMENT 'Идентификатор строки',
  `first_name` varchar(100) CHARACTER SET utf8 COLLATE utf8_unicode_ci NOT NULL COMMENT 'Имя пользователя',
  `last_name` varchar(100) CHARACTER SET utf8 COLLATE utf8_unicode_ci NOT NULL COMMENT 'Фамилия пользователя',
  `email` varchar(100) CHARACTER SET utf8 COLLATE utf8_unicode_ci NOT NULL COMMENT 'Почта',
  `phone` varchar(100) CHARACTER SET utf8 COLLATE utf8_unicode_ci NOT NULL COMMENT 'Телефон',
  `created_at` datetime DEFAULT CURRENT_TIMESTAMP COMMENT 'Время создания строки',
  `updated_at` datetime DEFAULT CURRENT_TIMESTAMP ON UPDATE CURRENT_TIMESTAMP COMMENT 'Время обновления строки',
  PRIMARY KEY (`id`),
  UNIQUE KEY `email` (`email`),
  UNIQUE KEY `phone` (`phone`)
) ENGINE=InnoDB AUTO_INCREMENT=101 DEFAULT CHARSET=utf8 COLLATE=utf8_unicode_ci COMMENT='Пользователи';
/*!40101 SET character_set_client = @saved_cs_client */;

--
-- Dumping data for table `users`
--

LOCK TABLES `users` WRITE;
/*!40000 ALTER TABLE `users` DISABLE KEYS */;
INSERT INTO `users` VALUES (1,'Leo','Veum','friesen.precious@example.com','01728093517','1990-02-19 09:32:08','2002-02-15 06:24:58'),(2,'Drew','Kuhic','hhermiston@example.com','1-786-006-7011','2016-11-14 07:35:32','1978-09-09 19:18:48'),(3,'Trevion','Nicolas','robbie48@example.org','360-709-6086x865','2000-11-24 22:30:57','1976-06-20 15:34:53'),(4,'Verla','Lang','mwyman@example.org','06761979916','2008-01-31 13:29:05','1990-11-01 08:12:17'),(5,'Noelia','Schmitt','homenick.ilene@example.net','932.372.1816','2003-11-09 17:18:04','2008-12-26 05:26:12'),(6,'Declan','Ziemann','joel57@example.com','132.273.1794x254','1986-01-06 21:46:51','2014-05-15 11:17:16'),(7,'Skye','Crooks','beahan.william@example.com','+35(9)3572208401','2020-02-24 02:57:44','2005-09-27 19:53:59'),(8,'Troy','Nitzsche','ogutmann@example.net','1-710-384-9390x0212','1972-11-23 06:29:57','1979-11-01 20:37:19'),(9,'Andres','Kris','iruecker@example.org','06269948337','2018-08-19 21:09:25','1974-07-27 23:03:50'),(10,'Lucie','Bogan','laurence.bednar@example.org','820-968-8316','2016-02-15 13:43:04','2019-01-28 06:22:07'),(11,'Shania','Mueller','mwilliamson@example.com','919-150-6254','1974-04-18 07:56:22','1974-06-08 03:14:07'),(12,'Eli','Kerluke','ivah00@example.net','788.833.3906','2014-02-11 16:52:37','2000-06-15 10:04:52'),(13,'Dorcas','Nader','foster78@example.org','418-409-7290x419','1977-03-21 21:08:09','1987-05-19 16:16:26'),(14,'Lacey','Cormier','tremblay.dianna@example.org','977.221.0806x98986','2018-09-06 12:03:08','2013-06-16 18:26:08'),(15,'Mariam','Armstrong','braun.fanny@example.com','203-930-8179','1995-11-11 12:33:25','1982-08-22 01:21:23'),(16,'Hilbert','Beahan','raymundo55@example.org','1-923-654-0408x0123','1998-03-17 13:49:30','1981-12-16 01:50:00'),(17,'Deven','Leannon','owolff@example.net','1-642-751-2135','1974-11-20 20:16:55','1994-11-01 22:44:18'),(18,'Breana','Kub','qcrist@example.net','(309)517-8428x441','1997-10-23 19:13:26','2014-11-14 00:52:01'),(19,'Maxwell','Stark','leanna.wintheiser@example.com','1-809-719-4126x79383','1994-05-24 01:52:33','1991-07-08 01:57:24'),(20,'Shad','Yundt','abernathy.florence@example.com','1-026-696-3193','2017-04-23 12:59:14','1990-10-02 09:45:35'),(21,'Juwan','Stehr','else.larkin@example.com','06274638428','2010-04-29 18:58:11','1995-01-29 05:35:00'),(22,'Giovani','Mayert','jamaal.hills@example.org','553-607-2476x91934','1989-12-15 00:37:47','2018-06-01 12:13:35'),(23,'Beatrice','Olson','marilou.zieme@example.net','1-532-467-3948','1993-01-03 13:35:21','1994-05-31 22:22:40'),(24,'Pauline','Brown','helen.gaylord@example.org','1-181-294-2378x5231','1989-05-09 02:21:01','1986-10-19 04:29:41'),(25,'Haylee','Aufderhar','annetta53@example.net','407.473.3380x77285','1991-05-20 13:42:53','2003-08-27 12:15:57'),(26,'Fannie','Murray','jaskolski.rosemary@example.org','096.473.5536x3627','2010-12-21 06:53:09','2010-09-23 17:56:56'),(27,'Adolf','Bernhard','thora30@example.org','051.619.6986x85554','2005-05-24 14:02:52','1992-06-16 18:55:58'),(28,'Constantin','Russel','king.brody@example.org','954-627-4850','2004-09-07 09:49:20','2020-05-15 12:42:41'),(29,'Edison','Treutel','iharris@example.com','(665)358-0418','2009-08-06 00:43:03','1999-02-26 14:36:28'),(30,'Catalina','Abshire','erin.hegmann@example.net','169-734-6367x4836','1972-06-01 10:57:22','1997-07-24 17:06:05'),(31,'Dedrick','Heidenreich','purdy.george@example.org','1-245-185-4184x68688','1972-11-07 13:21:46','1998-09-10 01:04:56'),(32,'Kelvin','Brekke','bbogisich@example.org','1-707-947-8577x965','1977-04-11 03:46:05','2014-08-19 01:18:50'),(33,'Nina','Pollich','frederick17@example.com','1-048-783-2821x434','2005-02-02 02:56:54','1990-05-11 13:56:05'),(34,'Mariam','Kiehn','treutel.kelly@example.net','142-942-1817x7606','1986-04-09 18:19:32','1975-02-11 10:08:47'),(35,'Fritz','Lemke','bernhard.constance@example.com','+42(4)1956639355','1989-06-03 19:47:31','2013-08-23 10:55:14'),(36,'Willy','Gerhold','garfield32@example.org','592-289-0739x202','2007-06-08 01:33:27','1977-03-15 22:21:47'),(37,'Christy','Schiller','kconn@example.org','(597)584-7359x542','2018-03-07 06:12:15','1997-05-29 12:09:14'),(38,'Roselyn','Williamson','ivy.boyle@example.com','(541)274-3013','2013-08-24 03:46:33','1983-12-26 13:19:47'),(39,'Trystan','Huels','schinner.daniela@example.net','972-437-4821','1997-02-26 12:16:51','1988-05-29 11:39:18'),(40,'Fay','Brown','batz.wayne@example.com','1-397-919-5247x6785','2006-12-21 06:20:23','1972-10-16 00:12:21'),(41,'Aditya','Frami','bayer.elna@example.com','744-356-9295x735','1985-11-27 05:44:49','1981-01-25 02:20:18'),(42,'Gilda','Kub','nkoch@example.com','494-933-6892','1975-12-18 09:04:21','2016-01-25 00:16:47'),(43,'Marley','Bosco','white.adolph@example.net','(693)205-6738x41114','1973-08-04 18:28:01','1996-09-20 21:27:25'),(44,'Marcia','Heathcote','pturcotte@example.com','(155)422-3775','2009-12-30 04:42:58','1984-08-05 10:21:59'),(45,'Leif','Hackett','corwin.isac@example.com','652.315.2669x637','1997-02-23 10:46:36','2017-11-17 22:47:57'),(46,'America','Larkin','schiller.barton@example.com','330-183-3848','1978-09-13 10:49:46','1971-07-08 15:24:55'),(47,'Aurelie','Bartoletti','jamar19@example.net','069-144-9015x67417','2016-06-18 22:05:57','2015-10-05 22:55:07'),(48,'Summer','Douglas','jterry@example.org','01158220889','1979-09-17 15:58:58','2000-02-25 00:21:30'),(49,'Adaline','Shanahan','sawayn.javier@example.net','(281)529-8107','1987-12-20 03:33:01','2017-03-05 09:38:57'),(50,'Jamarcus','Schmidt','kschultz@example.net','975.658.0451','2009-04-20 11:25:35','1981-03-16 12:21:49'),(51,'Anabelle','Ernser','dino70@example.com','03979158892','2018-05-22 23:30:31','2013-01-03 00:35:42'),(52,'Jevon','Weber','rolfson.greg@example.com','1-510-813-2196x663','2020-04-27 10:59:02','1981-07-05 20:14:00'),(53,'Harvey','Bernhard','hschiller@example.org','239.017.6187','1973-04-27 04:22:53','1980-02-25 23:36:45'),(54,'Summer','Braun','nhyatt@example.net','(856)327-2801x00746','1972-02-22 18:02:39','2019-01-07 22:48:36'),(55,'Ike','Pfannerstill','june.lemke@example.com','+92(4)3264588049','1970-05-01 02:34:12','1985-05-27 05:45:47'),(56,'Owen','Pfeffer','arnaldo51@example.net','877-778-2746','2002-01-08 08:09:52','2007-05-12 03:53:36'),(57,'Burnice','Klocko','hiram17@example.net','419.215.9538','1986-09-26 09:59:38','1984-07-18 01:10:42'),(58,'Francis','Ernser','ashley.raynor@example.net','997.312.3482x4394','2019-03-25 07:15:16','1989-06-13 06:25:49'),(59,'Rafaela','Miller','bette.ondricka@example.org','538-251-3318','1992-06-14 04:13:18','1987-03-20 01:02:50'),(60,'Iva','Olson','rutherford.hans@example.net','(950)575-1166x8045','2010-07-12 20:46:12','1980-06-13 21:07:48'),(61,'Armani','Gorczany','marks.noble@example.org','361.593.7161','2014-04-10 11:55:47','2013-05-25 13:41:27'),(62,'Hobart','Wyman','joaquin.hermann@example.net','626-721-7700x89124','1997-01-24 13:22:55','1999-03-27 11:02:26'),(63,'Estrella','Kling','guido.mills@example.com','1-499-345-9826x344','2008-11-18 10:09:42','1998-11-08 02:53:29'),(64,'Ezequiel','Ondricka','hettinger.jensen@example.org','1-793-867-7958x954','2006-04-17 11:31:08','1974-11-19 06:52:05'),(65,'Kaylee','Hane','rosenbaum.sydnie@example.com','021-056-0368x7059','2002-12-03 00:30:22','1974-02-14 10:45:34'),(66,'Kayley','Pfeffer','melyssa.abshire@example.net','+38(8)6032454267','1971-10-21 04:54:47','1971-01-07 17:00:20'),(67,'Americo','Harris','langosh.eric@example.org','1-617-515-1402x836','1980-08-14 23:08:37','1989-12-15 09:07:55'),(68,'Fidel','Sanford','gaylord.jo@example.com','1-492-394-8524','1973-06-20 06:54:31','2003-09-25 18:35:30'),(69,'Justyn','Gutkowski','hoeger.javonte@example.org','073.581.2483','1982-10-12 22:06:40','1973-02-18 03:00:12'),(70,'Sienna','Dicki','bo16@example.net','936-999-4820x671','1995-08-21 16:10:54','1990-09-19 08:49:43'),(71,'Rowena','Frami','bernita.mcclure@example.net','08232895758','1995-04-02 09:31:06','1996-05-07 23:59:34'),(72,'Soledad','Heaney','ehilll@example.net','935-800-7598x7220','1978-12-09 00:36:23','1980-07-23 03:08:58'),(73,'Elijah','Howell','derick.jaskolski@example.com','(922)285-8510x91309','1976-01-16 17:35:02','1981-04-08 19:46:55'),(74,'Vladimir','Nienow','emard.gertrude@example.org','1-909-154-8794','1996-02-21 06:13:57','1979-06-23 18:33:16'),(75,'Cyril','Klein','xzavier.cronin@example.com','(839)422-8530','2005-04-24 05:09:33','1998-03-09 13:30:31'),(76,'Leanne','Hickle','graham74@example.com','1-520-726-9968x083','1994-12-15 08:38:26','1989-05-08 12:37:29'),(77,'Ona','Farrell','green.wendy@example.org','(827)207-8280x1608','1975-12-12 02:35:42','1985-05-18 12:25:28'),(78,'Kailey','Littel','thiel.kasey@example.com','(604)550-1677x078','2017-08-25 16:04:31','2011-10-14 23:02:48'),(79,'Bret','Ebert','larson.haylie@example.org','803-864-4142x45431','2003-03-20 14:35:44','2000-05-31 00:40:55'),(80,'Raina','Moore','bergnaum.braden@example.org','00003356847','1972-06-01 20:25:58','1983-07-29 19:29:08'),(81,'Gladys','Sawayn','simeon.bernhard@example.net','1-717-063-7500','1985-08-20 04:40:33','2015-10-25 12:39:12'),(82,'Vilma','Mante','murl45@example.com','(223)293-9439x64499','2001-05-29 00:04:07','1978-10-01 20:45:39'),(83,'Markus','Shanahan','fboyer@example.org','+55(6)6088572965','1997-07-20 05:35:14','2015-04-29 07:07:21'),(84,'Tressa','Harvey','ferry.garland@example.net','141-689-1909x77129','2016-12-08 21:29:45','1996-09-15 15:08:39'),(85,'Lazaro','Sawayn','gbeatty@example.org','+10(3)7356128705','1982-06-22 21:15:04','1999-10-09 02:15:14'),(86,'Verda','Fadel','sim.wolf@example.org','255-233-9809','2003-04-03 10:09:30','1976-07-22 02:22:59'),(87,'Hayden','Bode','maximilian.vonrueden@example.net','(533)827-4837x647','1998-12-22 11:35:03','1980-12-19 15:57:58'),(88,'Coby','Kovacek','abigale56@example.org','998.168.4817x719','1977-05-19 05:49:51','1986-04-16 06:43:20'),(89,'Garry','Wehner','marquise97@example.net','290-786-6335x4603','2004-10-19 19:59:40','1995-06-03 11:32:14'),(90,'Christine','Willms','koelpin.seth@example.org','+47(8)4583262604','1972-09-22 02:28:15','2003-02-24 23:15:15'),(91,'Mckenzie','Brekke','german01@example.com','(810)481-3714','1981-04-13 05:19:58','1981-11-02 20:18:41'),(92,'Celine','Schumm','wiegand.carmela@example.com','727-102-1482','2014-11-12 10:23:49','1971-12-18 15:21:32'),(93,'Elijah','Rath','anika06@example.org','(879)292-6522x725','2010-01-21 04:26:53','2006-06-21 13:56:27'),(94,'Armani','Williamson','walter.zora@example.org','503-166-5412','1987-01-09 21:19:40','1994-02-28 17:06:47'),(95,'Sam','Homenick','fern.mckenzie@example.com','773-006-4922x713','1994-05-23 21:26:31','1998-08-29 22:57:08'),(96,'Markus','Lesch','pwindler@example.net','1-430-748-9257x91396','2001-08-25 09:58:23','2008-06-22 15:01:06'),(97,'Junius','Conroy','o\'hara.pearl@example.com','1-586-374-4533x240','1977-07-22 01:55:53','1999-04-28 00:14:06'),(98,'Meaghan','Schamberger','olson.collin@example.org','733.702.0082','1988-07-27 19:53:38','1999-08-09 15:57:11'),(99,'Jonathon','Stroman','arnoldo.oberbrunner@example.org','+66(4)3091223868','1986-09-19 22:10:43','1970-09-28 08:31:10'),(100,'Remington','Mann','otilia.lowe@example.net','982-441-3172x78462','2018-10-03 18:02:06','1999-12-22 01:45:57');
/*!40000 ALTER TABLE `users` ENABLE KEYS */;
UNLOCK TABLES;
/*!40103 SET TIME_ZONE=@OLD_TIME_ZONE */;

/*!40101 SET SQL_MODE=@OLD_SQL_MODE */;
/*!40014 SET FOREIGN_KEY_CHECKS=@OLD_FOREIGN_KEY_CHECKS */;
/*!40014 SET UNIQUE_CHECKS=@OLD_UNIQUE_CHECKS */;
/*!40101 SET CHARACTER_SET_CLIENT=@OLD_CHARACTER_SET_CLIENT */;
/*!40101 SET CHARACTER_SET_RESULTS=@OLD_CHARACTER_SET_RESULTS */;
/*!40101 SET COLLATION_CONNECTION=@OLD_COLLATION_CONNECTION */;
/*!40111 SET SQL_NOTES=@OLD_SQL_NOTES */;

-- Dump completed on 2020-06-09 15:37:25
