-- MySQL dump 10.13  Distrib 8.0.20, for Linux (x86_64)
--
-- Host: localhost    Database: vk
-- ------------------------------------------------------
-- Server version	8.0.20-0ubuntu0.20.04.1

/*!40101 SET @OLD_CHARACTER_SET_CLIENT=@@CHARACTER_SET_CLIENT */;
/*!40101 SET @OLD_CHARACTER_SET_RESULTS=@@CHARACTER_SET_RESULTS */;
/*!40101 SET @OLD_COLLATION_CONNECTION=@@COLLATION_CONNECTION */;
/*!50503 SET NAMES utf8mb4 */;
/*!40103 SET @OLD_TIME_ZONE=@@TIME_ZONE */;
/*!40103 SET TIME_ZONE='+00:00' */;
/*!40014 SET @OLD_UNIQUE_CHECKS=@@UNIQUE_CHECKS, UNIQUE_CHECKS=0 */;
/*!40014 SET @OLD_FOREIGN_KEY_CHECKS=@@FOREIGN_KEY_CHECKS, FOREIGN_KEY_CHECKS=0 */;
/*!40101 SET @OLD_SQL_MODE=@@SQL_MODE, SQL_MODE='NO_AUTO_VALUE_ON_ZERO' */;
/*!40111 SET @OLD_SQL_NOTES=@@SQL_NOTES, SQL_NOTES=0 */;

--
-- Table structure for table `communities`
--

DROP TABLE IF EXISTS `communities`;
/*!40101 SET @saved_cs_client     = @@character_set_client */;
/*!50503 SET character_set_client = utf8mb4 */;
CREATE TABLE `communities` (
  `id` int unsigned NOT NULL AUTO_INCREMENT COMMENT 'Идентификатор сроки',
  `name` varchar(150) CHARACTER SET utf8 COLLATE utf8_unicode_ci NOT NULL COMMENT 'Название группы',
  `created_at` datetime DEFAULT CURRENT_TIMESTAMP COMMENT 'Время создания строки',
  `updated_at` datetime DEFAULT CURRENT_TIMESTAMP ON UPDATE CURRENT_TIMESTAMP COMMENT 'Время обновления строки',
  PRIMARY KEY (`id`),
  UNIQUE KEY `name` (`name`)
) ENGINE=InnoDB AUTO_INCREMENT=101 DEFAULT CHARSET=utf8 COLLATE=utf8_unicode_ci COMMENT='Группы';
/*!40101 SET character_set_client = @saved_cs_client */;

--
-- Dumping data for table `communities`
--

LOCK TABLES `communities` WRITE;
/*!40000 ALTER TABLE `communities` DISABLE KEYS */;
INSERT INTO `communities` VALUES (1,'ipsam','1986-04-30 12:42:03','2013-05-31 02:54:24'),(2,'nam','2017-11-19 11:29:52','2020-06-16 10:11:09'),(3,'debitis','1986-04-02 09:55:32','1993-02-21 19:32:32'),(4,'accusantium','2003-04-17 14:05:51','2020-06-16 10:11:09'),(5,'aut','1970-12-23 23:59:55','1981-05-25 07:31:25'),(6,'soluta','1986-02-04 04:52:56','1989-09-08 03:44:44'),(7,'ea','1997-10-08 08:22:53','2009-09-07 15:48:06'),(8,'nihil','1970-04-09 21:24:23','1970-09-24 22:39:18'),(9,'error','1985-12-02 11:43:26','2020-06-16 10:11:09'),(10,'consequatur','1972-06-28 12:56:10','2014-09-19 16:55:18'),(11,'iusto','1999-08-18 23:53:41','2001-08-14 15:04:59'),(12,'placeat','2014-02-16 02:06:42','2020-06-16 10:11:09'),(13,'nesciunt','2018-10-06 18:31:29','2020-06-16 10:11:09'),(14,'quia','1984-09-16 02:09:50','2012-11-19 01:22:19'),(15,'consequuntur','1980-10-07 14:38:00','1983-01-04 10:42:43'),(16,'exercitationem','2005-02-04 00:42:42','2020-06-16 10:11:09'),(17,'earum','2004-03-02 10:57:11','2011-10-03 17:28:57'),(18,'distinctio','1996-05-27 09:34:17','2020-06-16 10:11:09'),(19,'dolorem','1999-12-09 23:11:57','2020-06-16 10:11:09'),(20,'hic','1974-06-29 09:47:09','2020-06-16 10:11:09');
/*!40000 ALTER TABLE `communities` ENABLE KEYS */;
UNLOCK TABLES;

--
-- Table structure for table `communities_users`
--

DROP TABLE IF EXISTS `communities_users`;
/*!40101 SET @saved_cs_client     = @@character_set_client */;
/*!50503 SET character_set_client = utf8mb4 */;
CREATE TABLE `communities_users` (
  `community_id` int unsigned NOT NULL COMMENT 'Ссылка на группу',
  `user_id` int unsigned NOT NULL COMMENT 'Ссылка на пользователя',
  `created_at` datetime DEFAULT CURRENT_TIMESTAMP COMMENT 'Время создания строки',
  PRIMARY KEY (`community_id`,`user_id`) COMMENT 'Составной первичный ключ'
) ENGINE=InnoDB DEFAULT CHARSET=utf8 COLLATE=utf8_unicode_ci COMMENT='Участники групп, связь между пользователями и группами';
/*!40101 SET character_set_client = @saved_cs_client */;

--
-- Dumping data for table `communities_users`
--

LOCK TABLES `communities_users` WRITE;
/*!40000 ALTER TABLE `communities_users` DISABLE KEYS */;
INSERT INTO `communities_users` VALUES (1,68,'1985-08-13 08:01:49'),(1,83,'2005-01-18 14:15:39'),(2,42,'2019-05-18 12:08:50'),(2,58,'1972-12-03 16:18:31'),(2,89,'2018-03-02 16:11:33'),(3,4,'1991-02-28 06:50:24'),(3,20,'2008-07-04 17:23:52'),(3,27,'1996-05-07 06:53:32'),(3,42,'1984-12-10 16:41:26'),(3,59,'1998-08-30 17:02:40'),(4,39,'2012-03-27 17:33:33'),(4,66,'2016-11-06 05:22:23'),(4,74,'2002-12-13 19:00:49'),(4,88,'2003-12-13 21:52:12'),(5,40,'2017-11-30 21:29:19'),(5,50,'2015-02-17 18:39:40'),(5,66,'2002-08-03 02:25:58'),(5,88,'1978-09-01 17:42:30'),(6,9,'1984-03-06 16:53:23'),(6,46,'1984-12-07 09:44:39'),(6,70,'2017-06-20 11:01:16'),(6,76,'1977-07-01 11:23:20'),(7,2,'1975-10-25 22:05:26'),(7,3,'2003-03-05 20:01:13'),(7,73,'1975-11-02 22:28:47'),(8,59,'2018-11-29 01:18:32'),(8,82,'2006-07-15 07:26:28'),(9,2,'1985-08-15 22:44:31'),(9,6,'1982-08-11 15:37:38'),(9,38,'1997-09-24 00:18:34'),(9,67,'2015-03-12 08:27:04'),(10,40,'1975-11-26 01:27:17'),(10,46,'2002-04-22 12:59:42'),(10,48,'2006-01-17 09:55:51'),(10,72,'1976-05-20 20:35:20'),(10,86,'2002-04-17 09:45:09'),(11,6,'2013-07-05 06:52:09'),(11,16,'1986-02-15 07:22:07'),(11,67,'1973-02-11 11:44:22'),(11,71,'2010-05-14 21:47:19'),(11,89,'1989-01-16 16:57:51'),(12,5,'1999-02-18 02:41:27'),(12,8,'1976-09-29 08:38:21'),(12,26,'1998-08-31 23:30:39'),(12,35,'1973-10-09 07:29:31'),(12,47,'1987-02-23 15:44:06'),(12,68,'1985-07-08 18:44:08'),(12,69,'1984-03-02 05:14:25'),(12,70,'1978-03-06 18:16:16'),(12,72,'1976-10-07 20:41:12'),(12,80,'1975-02-17 18:22:05'),(12,100,'1976-06-27 13:17:48'),(13,12,'2009-05-31 04:15:16'),(13,16,'2007-07-20 04:17:52'),(13,20,'1976-10-22 21:19:33'),(13,53,'2009-06-22 03:25:32'),(13,84,'1973-04-15 06:30:33'),(13,85,'1974-10-29 14:02:45'),(14,30,'2007-06-16 18:52:23'),(14,64,'2018-05-26 23:59:32'),(14,67,'1986-06-05 15:19:46'),(14,89,'2008-03-13 06:17:18'),(14,92,'1984-11-15 22:01:46'),(15,17,'1995-06-29 22:14:58'),(15,33,'1994-10-16 05:46:14'),(15,39,'1980-08-08 21:39:39'),(15,41,'2005-03-11 11:41:30'),(15,52,'1984-02-28 19:35:15'),(15,55,'2013-12-16 11:27:32'),(15,57,'1999-04-26 00:30:45'),(16,17,'2005-12-14 17:37:35'),(16,63,'1977-08-11 10:38:16'),(16,66,'1992-06-29 03:24:03'),(16,71,'2005-10-27 14:06:49'),(16,78,'1973-01-31 18:53:01'),(16,91,'2016-10-07 07:38:19'),(17,6,'1986-04-27 16:12:55'),(17,12,'2018-12-26 19:52:13'),(17,52,'1997-09-14 01:12:47'),(17,54,'2004-07-01 15:05:51'),(17,61,'2014-10-17 09:35:40'),(18,13,'1984-10-31 19:33:53'),(18,29,'2010-01-19 12:32:13'),(18,51,'2006-03-16 15:36:41'),(18,60,'2003-09-24 20:42:42'),(18,63,'1979-12-07 22:47:08'),(18,84,'1985-12-15 06:26:38'),(18,87,'1985-04-15 22:40:19'),(18,94,'2019-05-27 02:40:34'),(19,18,'2010-08-04 03:54:39'),(19,55,'1979-06-19 04:56:18'),(20,8,'1982-05-27 02:32:21'),(20,14,'1997-01-05 12:04:08'),(20,29,'1989-01-13 15:01:53'),(20,38,'2003-10-29 15:02:56'),(20,44,'1983-12-08 16:04:36'),(20,59,'2017-06-12 08:53:56'),(20,69,'1984-08-31 06:15:12'),(20,74,'2013-06-18 00:01:39'),(20,90,'2002-05-28 01:02:31');
/*!40000 ALTER TABLE `communities_users` ENABLE KEYS */;
UNLOCK TABLES;

--
-- Table structure for table `friendship`
--

DROP TABLE IF EXISTS `friendship`;
/*!40101 SET @saved_cs_client     = @@character_set_client */;
/*!50503 SET character_set_client = utf8mb4 */;
CREATE TABLE `friendship` (
  `user_id` int unsigned NOT NULL COMMENT 'Ссылка на инициатора дружеских отношений',
  `friend_id` int unsigned NOT NULL COMMENT 'Ссылка на получателя приглашения дружить',
  `status_id` int unsigned NOT NULL COMMENT 'Ссылка на статус (текущее состояние) отношений',
  `confirmed_at` datetime DEFAULT NULL COMMENT 'Время подтверждения приглашения',
  `declined_at` datetime DEFAULT NULL,
  `created_at` datetime DEFAULT CURRENT_TIMESTAMP COMMENT 'Время создания строки',
  `updated_at` datetime DEFAULT CURRENT_TIMESTAMP ON UPDATE CURRENT_TIMESTAMP COMMENT 'Время обновления строки',
  PRIMARY KEY (`user_id`,`friend_id`) COMMENT 'Составной первичный ключ'
) ENGINE=InnoDB DEFAULT CHARSET=utf8 COLLATE=utf8_unicode_ci COMMENT='Таблица дружбы';
/*!40101 SET character_set_client = @saved_cs_client */;

--
-- Dumping data for table `friendship`
--

LOCK TABLES `friendship` WRITE;
/*!40000 ALTER TABLE `friendship` DISABLE KEYS */;
INSERT INTO `friendship` VALUES (3,16,2,'2007-04-21 19:45:33','2020-06-12 20:57:43','1989-06-05 22:50:42','2020-06-16 10:09:15'),(3,39,1,'1974-03-28 03:39:58','1992-02-07 02:37:07','1978-02-17 03:50:16','2020-06-16 09:59:36'),(3,45,1,'1990-12-01 15:57:47','2020-06-12 20:56:04','2004-01-05 21:35:08','2020-06-16 09:59:36'),(4,28,3,'2003-03-30 20:38:30','1991-07-15 06:33:48','2003-06-09 14:10:23','2020-06-16 10:09:15'),(5,99,3,'1983-05-20 13:22:06','2020-06-12 20:56:04','2012-05-24 16:38:43','2020-06-16 10:09:15'),(6,7,2,'2012-03-01 03:04:38','2020-06-12 20:57:43','2002-07-06 12:16:07','2020-06-16 10:09:15'),(6,13,2,'2018-06-01 06:54:31','2020-06-12 20:55:33','1996-05-21 13:52:13','2020-06-16 10:09:15'),(7,100,2,'1989-09-21 14:45:32','2020-06-12 20:55:33','2004-10-31 01:31:40','2020-06-16 10:09:15'),(9,25,1,'1976-01-06 00:01:20','2020-06-12 20:56:04','1993-08-10 19:59:18','2020-06-16 10:09:15'),(10,86,2,'1975-02-04 12:56:18','2019-09-05 21:21:02','1987-03-05 05:37:01','2020-06-16 09:59:36'),(12,39,2,'2006-05-03 08:30:56','2017-09-07 20:59:26','2017-12-11 09:18:18','2020-06-16 10:09:15'),(12,42,2,'2014-04-28 04:12:57','1997-05-05 07:02:25','1996-04-22 06:36:41','2020-06-16 10:09:15'),(14,57,1,'2005-04-03 04:09:35','2020-06-12 20:57:43','2019-10-31 09:39:14','2020-06-16 09:59:36'),(15,30,1,'1983-12-01 23:12:11','2006-01-31 21:58:21','1986-10-10 05:24:03','2020-06-16 10:09:15'),(16,47,3,'1999-07-08 01:27:28','1979-08-03 14:19:27','1999-06-24 07:27:36','2020-06-16 10:09:15'),(18,21,1,'2012-02-18 22:55:45','2020-06-12 20:57:43','2005-07-19 02:28:44','2020-06-16 10:09:15'),(18,23,1,'2019-08-26 18:43:53','2020-06-12 20:57:43','2012-07-17 15:48:22','2020-06-16 10:09:15'),(20,82,1,'1989-05-09 13:23:40','1995-01-17 07:07:53','1970-09-22 02:25:30','2020-06-16 09:59:36'),(23,3,2,'1975-08-10 04:14:54','2020-06-12 20:57:43','2013-09-06 15:31:33','2020-06-16 09:59:36'),(23,82,2,'1981-05-31 20:36:10','2020-06-12 20:57:43','2006-08-17 13:51:49','2020-06-16 10:09:15'),(25,39,3,'2005-06-19 15:08:44','2020-06-12 20:57:43','2002-10-19 05:26:47','2020-06-16 09:59:35'),(26,10,2,'1973-04-12 18:04:13','2020-06-12 20:57:43','1974-02-12 04:00:09','2020-06-16 10:09:15'),(28,62,3,'2019-08-04 07:29:11','1988-10-09 14:09:42','1976-10-22 08:43:38','2020-06-16 09:59:35'),(29,58,2,'2016-10-14 00:03:57','2020-06-12 20:57:43','2002-03-18 22:32:01','2020-06-16 09:59:36'),(29,98,1,'2002-10-02 05:21:56','1993-05-17 13:05:08','1991-07-03 00:02:35','2020-06-16 10:09:15'),(30,65,1,'2006-03-04 16:34:49','2017-05-29 22:22:30','1994-06-03 15:56:23','2020-06-16 10:09:15'),(30,99,1,'1973-07-02 17:22:22','1991-12-16 06:25:47','1977-12-08 07:59:53','2020-06-16 09:59:36'),(32,67,3,'1994-06-01 12:55:11','2020-06-12 20:57:43','2008-02-02 14:50:34','2020-06-16 09:59:36'),(33,48,1,'1993-08-20 22:20:09','2019-09-05 21:21:02','1995-09-23 22:44:44','2020-06-16 10:09:15'),(34,9,1,'1999-11-15 08:54:10','2020-06-12 20:57:43','1983-09-06 18:59:42','2020-06-16 09:59:36'),(34,31,1,'1985-12-31 21:44:01','2020-06-12 20:57:43','2003-03-15 12:56:07','2020-06-16 09:59:36'),(35,4,1,'1996-07-11 17:08:51','2020-06-12 20:57:43','2001-04-22 07:03:38','2020-06-16 10:09:15'),(35,77,3,'2015-05-05 10:42:24','2020-06-12 20:57:43','1974-03-30 15:56:27','2020-06-16 10:09:15'),(36,92,1,'1986-09-18 19:35:38','2020-06-12 20:57:43','2017-10-14 09:37:12','2020-06-16 09:59:36'),(38,56,2,'1997-05-22 08:56:55','2009-07-26 06:51:54','2019-12-25 23:20:24','2020-06-16 10:09:15'),(39,49,3,'2003-04-27 19:10:39','1998-03-18 01:18:55','1977-06-08 04:35:31','2020-06-16 09:59:36'),(39,92,2,'2015-03-10 06:17:02','2020-06-12 20:55:33','1990-03-30 21:26:35','2020-06-16 09:59:35'),(41,37,2,'1992-10-04 11:07:58','2020-06-12 20:57:43','2007-03-07 17:35:28','2020-06-16 10:09:15'),(41,51,3,'2009-10-15 09:10:16','2019-10-17 21:13:30','1982-12-24 03:26:01','2020-06-16 09:59:36'),(41,62,1,'1984-03-03 23:47:19','2020-06-12 20:57:43','2011-01-23 01:48:18','2020-06-16 10:09:15'),(43,7,2,'1997-11-08 02:29:03','2020-06-12 20:57:43','2015-01-28 12:48:28','2020-06-16 09:59:36'),(43,13,3,'1975-04-25 10:50:51','2020-06-12 20:57:43','1989-07-02 08:59:18','2020-06-16 10:09:15'),(43,37,3,'2000-02-07 12:11:05','2020-03-28 03:01:10','2005-09-18 15:02:46','2020-06-16 09:59:35'),(43,88,2,'1980-03-07 06:00:24','2020-06-12 20:57:43','2005-06-09 23:49:43','2020-06-16 10:09:15'),(43,89,2,'1976-06-06 01:07:33','2020-06-12 20:57:43','1987-12-12 15:53:08','2020-06-16 10:09:15'),(45,1,3,'2011-01-25 23:55:57','2020-06-12 20:57:43','2009-06-02 15:01:47','2020-06-16 09:59:36'),(47,74,2,'1982-06-26 06:46:46','2019-06-04 18:00:08','1995-06-06 21:19:37','2020-06-16 09:59:36'),(47,96,3,'1978-07-07 18:04:56','2006-01-31 21:58:21','2012-07-10 02:15:46','2020-06-16 10:09:15'),(49,45,2,'1997-11-25 12:02:17','2020-06-12 20:57:43','2001-04-08 20:31:13','2020-06-16 09:59:36'),(49,68,3,'2017-10-02 08:03:13','2020-06-12 20:57:43','2006-02-19 00:08:21','2020-06-16 09:59:35'),(50,2,1,'1991-10-04 04:37:11','2020-06-12 20:57:43','2007-12-04 19:27:39','2020-06-16 10:09:15'),(52,65,1,'2019-07-22 09:36:07','2020-06-12 20:55:33','2016-05-09 05:28:06','2020-06-16 10:09:15'),(52,67,3,'2000-02-24 01:18:13','2020-06-12 20:57:43','1982-06-01 05:48:32','2020-06-16 09:59:36'),(52,72,3,'2006-02-14 00:30:00','1996-01-01 04:39:37','1970-08-26 11:13:58','2020-06-16 10:09:15'),(53,1,3,'2003-11-14 16:45:08','1985-10-24 15:43:09','1970-01-28 21:01:24','2020-06-16 10:09:15'),(53,15,3,'1981-12-19 05:51:23','2020-06-12 20:57:43','2014-04-01 13:30:24','2020-06-16 09:59:36'),(53,39,2,'2011-09-16 03:34:38','2020-06-12 20:57:43','2012-01-14 18:05:30','2020-06-16 09:59:35'),(53,87,2,'1982-03-26 11:00:36','2020-06-12 20:57:43','2008-05-08 21:05:14','2020-06-16 10:09:15'),(54,25,1,'1975-05-26 07:35:19','2020-06-12 20:55:33','1991-04-25 20:07:31','2020-06-16 10:09:15'),(56,51,3,'1992-11-17 17:23:48','1973-02-28 23:04:26','1976-08-05 21:33:07','2020-06-16 10:09:15'),(58,76,3,'1994-02-02 07:51:25','1998-08-12 16:45:24','2004-06-25 07:18:35','2020-06-16 10:09:15'),(58,81,2,'1993-12-13 02:00:59','2010-09-08 16:19:06','2001-07-21 06:20:38','2020-06-16 10:09:15'),(60,94,3,'1995-10-29 11:48:53','2020-06-12 20:57:43','1991-10-18 17:54:47','2020-06-16 10:09:15'),(61,85,1,'1995-01-20 03:52:02','2020-06-12 20:57:43','1989-10-01 19:31:23','2020-06-16 10:09:15'),(62,40,2,'2016-07-16 05:43:45','2020-06-12 20:57:43','1987-01-30 08:05:24','2020-06-16 09:59:35'),(63,40,3,'1985-08-01 03:58:45','2020-06-12 20:55:33','1992-12-21 04:31:05','2020-06-16 10:09:15'),(64,7,3,'2002-12-04 11:18:11','1998-08-12 16:45:24','1990-10-30 05:12:50','2020-06-16 09:59:36'),(65,59,1,'2014-10-17 09:59:50','2020-06-12 20:57:43','1998-11-25 00:06:44','2020-06-16 10:09:15'),(69,41,3,'2011-05-26 23:49:00','1998-08-12 16:45:24','1990-03-12 11:09:26','2020-06-16 10:09:15'),(71,57,1,'2019-07-11 13:20:13','1979-08-03 14:19:27','1981-07-30 12:20:01','2020-06-16 10:09:15'),(71,92,3,'1993-04-29 15:17:31','2020-06-12 20:57:43','2004-08-14 05:36:23','2020-06-16 10:09:15'),(72,29,2,'2011-01-02 11:09:24','2020-06-12 20:57:43','1988-10-14 18:51:59','2020-06-16 09:59:36'),(72,33,2,'1990-11-14 11:54:30','2020-06-12 20:57:43','1973-09-04 11:49:37','2020-06-16 10:09:15'),(72,45,2,'1973-11-11 07:32:20','2020-06-12 20:57:43','1972-11-28 21:18:43','2020-06-16 09:59:36'),(72,91,2,'1994-01-07 21:09:33','2020-06-12 20:57:43','1971-01-24 16:03:37','2020-06-16 10:09:15'),(73,15,3,'2001-04-11 05:56:01','2020-06-12 20:57:43','1978-02-06 00:35:34','2020-06-16 10:09:15'),(75,77,1,'1984-02-07 18:22:04','2020-06-12 20:57:43','2003-06-27 13:07:13','2020-06-16 10:09:15'),(75,89,3,'2015-01-23 12:16:19','2020-06-12 20:57:43','1983-01-23 10:25:41','2020-06-16 10:09:15'),(76,20,3,'2003-04-22 19:49:20','2020-06-12 20:57:43','1975-08-03 04:53:32','2020-06-16 10:09:15'),(78,54,1,'1995-02-07 19:26:33','2020-06-12 20:56:04','2017-10-24 23:06:27','2020-06-16 09:59:36'),(79,62,3,'1985-01-05 02:35:45','2020-06-12 20:57:43','2011-02-17 13:12:02','2020-06-16 10:09:15'),(79,93,3,'1995-01-30 05:42:52','1998-08-12 16:45:24','1996-08-10 07:29:37','2020-06-16 09:59:36'),(79,98,2,'1993-03-12 04:12:36','2020-06-12 20:57:43','1972-10-20 19:39:43','2020-06-16 10:09:15'),(84,5,2,'2016-09-27 03:23:57','2020-06-12 20:57:43','2011-11-26 14:56:48','2020-06-16 10:09:15'),(84,67,1,'1987-01-02 10:54:35','2020-06-12 20:55:33','2013-10-31 11:19:41','2020-06-16 09:59:35'),(84,69,3,'2016-02-05 09:52:16','1998-03-18 01:18:55','1995-01-19 13:37:38','2020-06-16 10:09:15'),(84,78,1,'1982-10-25 04:26:12','2020-06-12 20:57:43','1994-11-08 21:17:32','2020-06-16 10:09:15'),(85,20,2,'1989-03-01 19:50:42','2020-06-12 20:57:43','1994-07-12 22:37:41','2020-06-16 09:59:36'),(87,41,2,'2020-01-07 22:52:28','2020-06-12 20:57:43','1983-08-04 01:16:17','2020-06-16 10:09:15'),(87,49,2,'1994-11-26 17:12:50','2020-06-12 20:57:43','2014-02-16 18:11:21','2020-06-16 10:09:15'),(87,83,2,'1973-10-21 17:52:26','2020-06-12 20:57:43','1989-01-12 18:48:13','2020-06-16 10:09:15'),(90,32,1,'2002-07-20 00:04:42','2019-10-17 21:13:30','1977-10-20 19:20:16','2020-06-16 10:09:15'),(91,73,2,'1970-03-23 10:05:50','2020-06-12 20:57:43','1995-07-03 05:44:49','2020-06-16 10:09:15'),(92,56,1,'2002-11-25 03:50:15','1992-02-07 02:37:07','1997-03-18 02:40:55','2020-06-16 10:09:15'),(96,70,2,'1994-04-01 09:08:13','2004-05-24 13:16:57','1983-02-04 08:45:51','2020-06-16 10:09:15'),(97,9,1,'1997-01-14 19:38:41','2020-06-12 20:57:43','1976-10-07 02:46:28','2020-06-16 10:09:15'),(97,29,1,'1982-06-14 22:34:18','2020-06-12 20:57:43','2002-05-01 15:38:11','2020-06-16 10:09:15'),(98,66,1,'2010-09-09 12:24:34','2020-06-12 20:56:04','2002-05-14 03:43:59','2020-06-16 10:09:15'),(99,17,3,'1997-06-24 11:54:57','2020-06-12 20:57:43','2018-07-20 06:22:36','2020-06-16 10:09:15'),(100,5,1,'1987-06-11 10:11:07','2020-06-12 20:57:43','2019-05-17 21:57:56','2020-06-16 10:09:15');
/*!40000 ALTER TABLE `friendship` ENABLE KEYS */;
UNLOCK TABLES;

--
-- Table structure for table `friendship_statuses`
--

DROP TABLE IF EXISTS `friendship_statuses`;
/*!40101 SET @saved_cs_client     = @@character_set_client */;
/*!50503 SET character_set_client = utf8mb4 */;
CREATE TABLE `friendship_statuses` (
  `id` int unsigned NOT NULL AUTO_INCREMENT COMMENT 'Идентификатор строки',
  `name` varchar(150) CHARACTER SET utf8 COLLATE utf8_unicode_ci NOT NULL COMMENT 'Название статуса',
  `created_at` datetime DEFAULT CURRENT_TIMESTAMP COMMENT 'Время создания строки',
  `updated_at` datetime DEFAULT CURRENT_TIMESTAMP ON UPDATE CURRENT_TIMESTAMP COMMENT 'Время обновления строки',
  PRIMARY KEY (`id`),
  UNIQUE KEY `name` (`name`)
) ENGINE=InnoDB AUTO_INCREMENT=4 DEFAULT CHARSET=utf8 COLLATE=utf8_unicode_ci COMMENT='Статусы дружбы';
/*!40101 SET character_set_client = @saved_cs_client */;

--
-- Dumping data for table `friendship_statuses`
--

LOCK TABLES `friendship_statuses` WRITE;
/*!40000 ALTER TABLE `friendship_statuses` DISABLE KEYS */;
INSERT INTO `friendship_statuses` VALUES (1,'Requested','2020-06-16 10:09:09','2020-06-16 10:09:09'),(2,'Confirmed','2020-06-16 10:09:09','2020-06-16 10:09:09'),(3,'Rejected','2020-06-16 10:09:09','2020-06-16 10:09:09');
/*!40000 ALTER TABLE `friendship_statuses` ENABLE KEYS */;
UNLOCK TABLES;

--
-- Table structure for table `likes`
--

DROP TABLE IF EXISTS `likes`;
/*!40101 SET @saved_cs_client     = @@character_set_client */;
/*!50503 SET character_set_client = utf8mb4 */;
CREATE TABLE `likes` (
  `id` int unsigned NOT NULL AUTO_INCREMENT,
  `user_id` int unsigned NOT NULL,
  `target_id` int unsigned NOT NULL,
  `target_type_id` int unsigned NOT NULL,
  `created_at` datetime DEFAULT CURRENT_TIMESTAMP,
  PRIMARY KEY (`id`)
) ENGINE=InnoDB AUTO_INCREMENT=101 DEFAULT CHARSET=utf8mb4 COLLATE=utf8mb4_0900_ai_ci;
/*!40101 SET character_set_client = @saved_cs_client */;

--
-- Dumping data for table `likes`
--

LOCK TABLES `likes` WRITE;
/*!40000 ALTER TABLE `likes` DISABLE KEYS */;
INSERT INTO `likes` VALUES (1,73,63,4,'2020-06-22 17:34:39'),(2,88,52,4,'2020-06-22 17:34:39'),(3,17,1,3,'2020-06-22 17:34:39'),(4,55,21,2,'2020-06-22 17:34:39'),(5,28,23,2,'2020-06-22 17:34:39'),(6,87,40,2,'2020-06-22 17:34:39'),(7,76,60,3,'2020-06-22 17:34:39'),(8,88,20,2,'2020-06-22 17:34:39'),(9,7,35,3,'2020-06-22 17:34:39'),(10,52,6,3,'2020-06-22 17:34:39'),(11,53,43,3,'2020-06-22 17:34:39'),(12,40,40,4,'2020-06-22 17:34:39'),(13,66,98,4,'2020-06-22 17:34:39'),(14,70,68,2,'2020-06-22 17:34:39'),(15,59,94,4,'2020-06-22 17:34:39'),(16,86,48,4,'2020-06-22 17:34:39'),(17,66,81,1,'2020-06-22 17:34:39'),(18,3,87,1,'2020-06-22 17:34:39'),(19,55,6,3,'2020-06-22 17:34:39'),(20,8,44,4,'2020-06-22 17:34:39'),(21,35,96,3,'2020-06-22 17:34:39'),(22,79,74,2,'2020-06-22 17:34:39'),(23,37,91,2,'2020-06-22 17:34:39'),(24,32,36,4,'2020-06-22 17:34:39'),(25,12,6,4,'2020-06-22 17:34:39'),(26,56,96,1,'2020-06-22 17:34:39'),(27,68,5,1,'2020-06-22 17:34:39'),(28,89,83,2,'2020-06-22 17:34:39'),(29,81,67,4,'2020-06-22 17:34:39'),(30,61,26,2,'2020-06-22 17:34:39'),(31,64,75,4,'2020-06-22 17:34:39'),(32,76,38,3,'2020-06-22 17:34:39'),(33,95,90,3,'2020-06-22 17:34:39'),(34,41,16,3,'2020-06-22 17:34:39'),(35,50,68,4,'2020-06-22 17:34:39'),(36,40,33,2,'2020-06-22 17:34:39'),(37,30,11,3,'2020-06-22 17:34:39'),(38,90,54,1,'2020-06-22 17:34:39'),(39,48,32,1,'2020-06-22 17:34:39'),(40,91,1,2,'2020-06-22 17:34:39'),(41,50,60,2,'2020-06-22 17:34:39'),(42,53,26,3,'2020-06-22 17:34:39'),(43,66,24,1,'2020-06-22 17:34:39'),(44,30,89,3,'2020-06-22 17:34:39'),(45,6,67,1,'2020-06-22 17:34:39'),(46,69,3,1,'2020-06-22 17:34:39'),(47,26,8,3,'2020-06-22 17:34:39'),(48,78,8,1,'2020-06-22 17:34:39'),(49,11,31,1,'2020-06-22 17:34:39'),(50,26,59,1,'2020-06-22 17:34:39'),(51,5,73,3,'2020-06-22 17:34:39'),(52,34,17,4,'2020-06-22 17:34:39'),(53,56,34,1,'2020-06-22 17:34:39'),(54,3,11,2,'2020-06-22 17:34:39'),(55,97,45,2,'2020-06-22 17:34:39'),(56,36,76,3,'2020-06-22 17:34:39'),(57,36,59,4,'2020-06-22 17:34:39'),(58,51,100,2,'2020-06-22 17:34:39'),(59,19,63,3,'2020-06-22 17:34:39'),(60,8,60,4,'2020-06-22 17:34:39'),(61,3,85,1,'2020-06-22 17:34:39'),(62,19,49,4,'2020-06-22 17:34:39'),(63,94,4,2,'2020-06-22 17:34:39'),(64,76,68,1,'2020-06-22 17:34:39'),(65,42,81,4,'2020-06-22 17:34:39'),(66,44,87,1,'2020-06-22 17:34:39'),(67,53,56,1,'2020-06-22 17:34:39'),(68,37,21,4,'2020-06-22 17:34:39'),(69,96,3,2,'2020-06-22 17:34:39'),(70,20,22,2,'2020-06-22 17:34:39'),(71,83,64,3,'2020-06-22 17:34:39'),(72,56,71,4,'2020-06-22 17:34:39'),(73,12,7,4,'2020-06-22 17:34:39'),(74,59,7,3,'2020-06-22 17:34:39'),(75,67,61,1,'2020-06-22 17:34:39'),(76,32,51,3,'2020-06-22 17:34:39'),(77,44,41,3,'2020-06-22 17:34:39'),(78,36,62,1,'2020-06-22 17:34:39'),(79,34,57,4,'2020-06-22 17:34:39'),(80,31,12,3,'2020-06-22 17:34:39'),(81,2,7,2,'2020-06-22 17:34:39'),(82,22,21,2,'2020-06-22 17:34:39'),(83,37,66,1,'2020-06-22 17:34:39'),(84,80,52,1,'2020-06-22 17:34:39'),(85,41,48,1,'2020-06-22 17:34:39'),(86,34,24,1,'2020-06-22 17:34:39'),(87,1,63,1,'2020-06-22 17:34:39'),(88,52,37,2,'2020-06-22 17:34:39'),(89,34,82,1,'2020-06-22 17:34:39'),(90,88,18,2,'2020-06-22 17:34:39'),(91,77,6,4,'2020-06-22 17:34:39'),(92,79,95,2,'2020-06-22 17:34:39'),(93,95,66,2,'2020-06-22 17:34:39'),(94,25,91,4,'2020-06-22 17:34:39'),(95,23,78,1,'2020-06-22 17:34:39'),(96,64,58,1,'2020-06-22 17:34:39'),(97,29,40,1,'2020-06-22 17:34:39'),(98,49,2,3,'2020-06-22 17:34:39'),(99,16,84,3,'2020-06-22 17:34:39'),(100,3,4,1,'2020-06-22 17:34:39');
/*!40000 ALTER TABLE `likes` ENABLE KEYS */;
UNLOCK TABLES;

--
-- Table structure for table `media`
--

DROP TABLE IF EXISTS `media`;
/*!40101 SET @saved_cs_client     = @@character_set_client */;
/*!50503 SET character_set_client = utf8mb4 */;
CREATE TABLE `media` (
  `id` int unsigned NOT NULL AUTO_INCREMENT COMMENT 'Идентификатор строки',
  `user_id` int unsigned NOT NULL COMMENT 'Ссылка на пользователя, который загрузил файл',
  `filename` varchar(255) CHARACTER SET utf8 COLLATE utf8_unicode_ci NOT NULL COMMENT 'Путь к файлу',
  `size` int NOT NULL COMMENT 'Размер файла',
  `metadata` json DEFAULT NULL,
  `media_type_id` int unsigned NOT NULL COMMENT 'Ссылка на тип контента',
  `created_at` datetime DEFAULT CURRENT_TIMESTAMP COMMENT 'Время создания строки',
  `updated_at` datetime DEFAULT CURRENT_TIMESTAMP ON UPDATE CURRENT_TIMESTAMP COMMENT 'Время обновления строки',
  PRIMARY KEY (`id`),
  CONSTRAINT `media_chk_1` CHECK (json_valid(`metadata`))
) ENGINE=InnoDB AUTO_INCREMENT=101 DEFAULT CHARSET=utf8 COLLATE=utf8_unicode_ci COMMENT='Медиафайлы';
/*!40101 SET character_set_client = @saved_cs_client */;

--
-- Dumping data for table `media`
--

LOCK TABLES `media` WRITE;
/*!40000 ALTER TABLE `media` DISABLE KEYS */;
INSERT INTO `media` VALUES (1,36,'https://yandexdisk.ru/vk/.avi',8083,'{\"owner\": \"Dino Ziemann\"}',1,'1993-06-12 06:57:06','2020-06-16 10:07:38'),(2,20,'https://yandexdisk.ru/vk/.mpeg',19175,'{\"owner\": \"Cecil Kuhn\"}',1,'2014-03-02 20:40:51','2020-06-16 10:07:38'),(3,92,'https://yandexdisk.ru/vk/.png',262704,'{\"owner\": \"Verdie McLaughlin\"}',2,'1975-12-26 07:12:34','2020-06-16 10:07:38'),(4,1,'https://yandexdisk.ru/vk/.avi',5771,'{\"owner\": \"Santina Keeling\"}',3,'1997-11-01 04:38:57','2020-06-16 10:07:38'),(5,26,'https://yandexdisk.ru/vk/.jpeg',6658670,'{\"owner\": \"Lindsay Bosco\"}',3,'1970-01-24 23:56:51','2020-06-16 10:07:38'),(6,29,'https://yandexdisk.ru/vk/.mpeg',1563,'{\"owner\": \"Herman Nicolas\"}',2,'1980-07-01 17:57:09','2020-06-16 10:07:38'),(7,66,'https://yandexdisk.ru/vk/.mpeg',11259,'{\"owner\": \"Renee Monahan\"}',2,'2010-12-10 14:22:30','2020-06-16 10:07:38'),(8,40,'https://yandexdisk.ru/vk/.jpeg',23653821,'{\"owner\": \"Tina Predovic\"}',2,'1978-06-07 14:50:54','2020-06-16 10:07:38'),(9,4,'https://yandexdisk.ru/vk/.png',245998,'{\"owner\": \"Kaylah Rosenbaum\"}',1,'2020-04-15 20:36:34','2020-06-16 10:07:38'),(10,100,'https://yandexdisk.ru/vk/.jpeg',431878,'{\"owner\": \"Finn Leannon\"}',3,'2019-12-07 10:56:55','2020-06-16 10:07:38'),(11,87,'https://yandexdisk.ru/vk/.jpeg',411394,'{\"owner\": \"Abdul Walter\"}',3,'1977-12-13 17:05:45','2020-06-16 10:07:38'),(12,34,'https://yandexdisk.ru/vk/.avi',24967,'{\"owner\": \"Dorothea Lynch\"}',3,'1995-11-11 14:38:57','2020-06-16 10:07:38'),(13,7,'https://yandexdisk.ru/vk/.mpeg',751339,'{\"owner\": \"Sandra Kemmer\"}',2,'2003-10-27 00:26:14','2020-06-16 10:07:38'),(14,35,'https://yandexdisk.ru/vk/.jpeg',6786,'{\"owner\": \"Hudson Wilkinson\"}',3,'2009-12-29 04:29:42','2020-06-16 10:07:38'),(15,51,'https://yandexdisk.ru/vk/.avi',512511,'{\"owner\": \"Lizeth Turcotte\"}',3,'2017-10-31 23:35:16','2020-06-16 10:07:38'),(16,48,'https://yandexdisk.ru/vk/.jpeg',298541,'{\"owner\": \"Isobel Bradtke\"}',3,'2019-08-28 19:28:41','2020-06-16 10:07:38'),(17,90,'https://yandexdisk.ru/vk/.mpeg',945171,'{\"owner\": \"Chanel Gulgowski\"}',3,'1991-07-07 02:32:41','2020-06-16 10:07:38'),(18,6,'https://yandexdisk.ru/vk/.mpeg',2074,'{\"owner\": \"Geraldine VonRueden\"}',2,'2003-10-14 23:54:45','2020-06-16 10:07:38'),(19,59,'https://yandexdisk.ru/vk/.png',820234,'{\"owner\": \"Bertram Jaskolski\"}',3,'1982-06-20 02:59:57','2020-06-16 10:07:38'),(20,77,'https://yandexdisk.ru/vk/.mpeg',255656,'{\"owner\": \"Axel Keebler\"}',3,'1973-05-11 04:27:36','2020-06-16 10:07:38'),(21,7,'https://yandexdisk.ru/vk/.png',807581,'{\"owner\": \"Sandra Kemmer\"}',3,'2010-09-09 17:34:35','2020-06-16 10:07:38'),(22,3,'https://yandexdisk.ru/vk/.jpeg',9090374,'{\"owner\": \"Max Wiza\"}',3,'2018-12-20 10:07:22','2020-06-16 10:07:38'),(23,95,'https://yandexdisk.ru/vk/.jpeg',260936,'{\"owner\": \"Eden Bogan\"}',3,'2002-06-29 10:23:42','2020-06-16 10:07:38'),(24,63,'https://yandexdisk.ru/vk/.png',94857,'{\"owner\": \"Barbara Schmeler\"}',3,'2000-05-24 00:33:55','2020-06-16 10:07:38'),(25,33,'https://yandexdisk.ru/vk/.jpeg',51694223,'{\"owner\": \"Lacy Altenwerth\"}',1,'1988-09-25 20:40:31','2020-06-16 10:07:38'),(26,73,'https://yandexdisk.ru/vk/.mpeg',871936,'{\"owner\": \"Erna Greenholt\"}',1,'2011-07-12 11:00:17','2020-06-16 10:07:38'),(27,65,'https://yandexdisk.ru/vk/.mpeg',566875,'{\"owner\": \"Maximilian Russel\"}',2,'1979-09-20 13:52:53','2020-06-16 10:07:38'),(28,8,'https://yandexdisk.ru/vk/.jpeg',208566,'{\"owner\": \"Tracy Luettgen\"}',2,'1998-04-27 21:54:15','2020-06-16 10:07:38'),(29,42,'https://yandexdisk.ru/vk/.jpeg',609350392,'{\"owner\": \"Alexandrine Borer\"}',1,'2015-02-23 05:29:40','2020-06-16 10:07:38'),(30,84,'https://yandexdisk.ru/vk/.jpeg',35015,'{\"owner\": \"Casandra O\'Connell\"}',1,'2018-11-12 15:22:56','2020-06-16 10:07:38'),(31,96,'https://yandexdisk.ru/vk/.avi',332208,'{\"owner\": \"Dusty Jacobi\"}',1,'2016-11-18 16:42:14','2020-06-16 10:07:38'),(32,29,'https://yandexdisk.ru/vk/.mpeg',25340,'{\"owner\": \"Herman Nicolas\"}',3,'2008-01-06 09:41:35','2020-06-16 10:07:38'),(33,55,'https://yandexdisk.ru/vk/.png',120077,'{\"owner\": \"Leonora Wilderman\"}',2,'1985-10-11 10:03:37','2020-06-16 10:07:38'),(34,85,'https://yandexdisk.ru/vk/.avi',94432,'{\"owner\": \"Uriel Sipes\"}',1,'1999-08-21 03:32:48','2020-06-16 10:07:38'),(35,63,'https://yandexdisk.ru/vk/.avi',514367,'{\"owner\": \"Barbara Schmeler\"}',1,'1983-08-04 09:32:56','2020-06-16 10:07:38'),(36,59,'https://yandexdisk.ru/vk/.avi',201606,'{\"owner\": \"Bertram Jaskolski\"}',1,'2014-07-21 08:57:49','2020-06-16 10:07:38'),(37,5,'https://yandexdisk.ru/vk/.png',454926,'{\"owner\": \"Milton Larkin\"}',1,'1980-08-05 20:01:11','2020-06-16 10:07:38'),(38,48,'https://yandexdisk.ru/vk/.mpeg',659816,'{\"owner\": \"Isobel Bradtke\"}',3,'2018-06-09 16:11:35','2020-06-16 10:07:38'),(39,23,'https://yandexdisk.ru/vk/.jpeg',78798,'{\"owner\": \"Heloise Pfannerstill\"}',1,'1991-03-21 16:46:54','2020-06-16 10:07:38'),(40,70,'https://yandexdisk.ru/vk/.jpeg',924301,'{\"owner\": \"Tatum Bradtke\"}',1,'2001-05-19 02:15:30','2020-06-16 10:07:38'),(41,80,'https://yandexdisk.ru/vk/.mpeg',20027,'{\"owner\": \"Noemie Simonis\"}',2,'1982-08-18 14:05:08','2020-06-16 10:07:38'),(42,91,'https://yandexdisk.ru/vk/.png',80727,'{\"owner\": \"Lemuel Olson\"}',1,'1977-01-06 06:37:30','2020-06-16 10:07:38'),(43,15,'https://yandexdisk.ru/vk/.jpeg',1857,'{\"owner\": \"Carlotta Beahan\"}',3,'2008-11-17 16:40:20','2020-06-16 10:07:38'),(44,1,'https://yandexdisk.ru/vk/.avi',68292,'{\"owner\": \"Santina Keeling\"}',1,'1992-10-24 17:45:34','2020-06-16 10:07:38'),(45,58,'https://yandexdisk.ru/vk/.avi',632058,'{\"owner\": \"Kurtis Daugherty\"}',3,'1979-08-30 20:56:52','2020-06-16 10:07:38'),(46,87,'https://yandexdisk.ru/vk/.jpeg',377386,'{\"owner\": \"Abdul Walter\"}',3,'1989-07-02 00:14:01','2020-06-16 10:07:38'),(47,63,'https://yandexdisk.ru/vk/.mpeg',3531,'{\"owner\": \"Barbara Schmeler\"}',1,'1973-12-02 05:25:23','2020-06-16 10:07:38'),(48,51,'https://yandexdisk.ru/vk/.mpeg',980757,'{\"owner\": \"Lizeth Turcotte\"}',1,'1994-02-11 00:56:23','2020-06-16 10:07:38'),(49,66,'https://yandexdisk.ru/vk/.avi',1444498,'{\"owner\": \"Renee Monahan\"}',2,'1989-11-04 10:45:52','2020-06-16 10:07:38'),(50,76,'https://yandexdisk.ru/vk/.mpeg',761628,'{\"owner\": \"Enola Doyle\"}',3,'1990-09-17 03:44:27','2020-06-16 10:07:38'),(51,81,'https://yandexdisk.ru/vk/.png',7580696,'{\"owner\": \"Scotty Christiansen\"}',3,'2005-03-04 21:58:45','2020-06-16 10:07:38'),(52,78,'https://yandexdisk.ru/vk/.mpeg',76928393,'{\"owner\": \"Lula Kiehn\"}',2,'1984-07-16 07:45:31','2020-06-16 10:07:38'),(53,47,'https://yandexdisk.ru/vk/.jpeg',285405,'{\"owner\": \"Mac Boyer\"}',1,'1983-12-25 11:11:47','2020-06-16 10:07:38'),(54,98,'https://yandexdisk.ru/vk/.mpeg',477239477,'{\"owner\": \"Alysa Bahringer\"}',3,'2007-06-15 14:25:27','2020-06-16 10:07:38'),(55,48,'https://yandexdisk.ru/vk/.jpeg',855867,'{\"owner\": \"Isobel Bradtke\"}',3,'1996-11-17 13:37:39','2020-06-16 10:07:38'),(56,46,'https://yandexdisk.ru/vk/.mpeg',3592,'{\"owner\": \"Dakota Sanford\"}',2,'1991-09-06 16:19:30','2020-06-16 10:07:38'),(57,88,'https://yandexdisk.ru/vk/.avi',984455,'{\"owner\": \"Doug McClure\"}',1,'1995-03-07 07:28:33','2020-06-16 10:07:38'),(58,1,'https://yandexdisk.ru/vk/.avi',31013805,'{\"owner\": \"Santina Keeling\"}',3,'2016-03-17 03:04:29','2020-06-16 10:07:38'),(59,38,'https://yandexdisk.ru/vk/.png',497824759,'{\"owner\": \"Celine Schuppe\"}',3,'1993-04-14 09:55:22','2020-06-16 10:07:38'),(60,90,'https://yandexdisk.ru/vk/.avi',344674,'{\"owner\": \"Chanel Gulgowski\"}',2,'1997-07-13 06:31:17','2020-06-16 10:07:38'),(61,32,'https://yandexdisk.ru/vk/.mpeg',13339522,'{\"owner\": \"Berneice Kovacek\"}',3,'2004-01-15 17:40:46','2020-06-16 10:07:38'),(62,91,'https://yandexdisk.ru/vk/.avi',824946,'{\"owner\": \"Lemuel Olson\"}',2,'2010-09-20 02:04:45','2020-06-16 10:07:38'),(63,57,'https://yandexdisk.ru/vk/.png',71694,'{\"owner\": \"Kaitlin D\'Amore\"}',3,'1997-02-04 14:07:57','2020-06-16 10:07:38'),(64,12,'https://yandexdisk.ru/vk/.png',150460837,'{\"owner\": \"Nathan Oberbrunner\"}',1,'1975-11-21 10:57:49','2020-06-16 10:07:38'),(65,88,'https://yandexdisk.ru/vk/.png',66388,'{\"owner\": \"Doug McClure\"}',1,'1996-10-12 22:06:42','2020-06-16 10:07:38'),(66,2,'https://yandexdisk.ru/vk/.png',760006,'{\"owner\": \"Greg Streich\"}',2,'2013-03-29 19:09:12','2020-06-16 10:07:38'),(67,49,'https://yandexdisk.ru/vk/.jpeg',970534,'{\"owner\": \"Wilmer Fadel\"}',3,'1987-05-12 19:32:17','2020-06-16 10:07:38'),(68,35,'https://yandexdisk.ru/vk/.mpeg',48387,'{\"owner\": \"Hudson Wilkinson\"}',1,'1984-09-10 20:26:14','2020-06-16 10:07:38'),(69,30,'https://yandexdisk.ru/vk/.jpeg',756006,'{\"owner\": \"Krystina Fritsch\"}',2,'2002-09-18 07:19:50','2020-06-16 10:07:38'),(70,44,'https://yandexdisk.ru/vk/.avi',63306,'{\"owner\": \"Hubert Greenholt\"}',1,'1986-04-30 22:46:51','2020-06-16 10:07:38'),(71,28,'https://yandexdisk.ru/vk/.png',4853,'{\"owner\": \"Tania Glover\"}',3,'2007-09-25 18:31:10','2020-06-16 10:07:38'),(72,8,'https://yandexdisk.ru/vk/.jpeg',490015,'{\"owner\": \"Tracy Luettgen\"}',3,'2004-02-02 14:25:39','2020-06-16 10:07:38'),(73,57,'https://yandexdisk.ru/vk/.png',59730722,'{\"owner\": \"Kaitlin D\'Amore\"}',2,'2012-04-17 02:38:16','2020-06-16 10:07:38'),(74,60,'https://yandexdisk.ru/vk/.mpeg',53331400,'{\"owner\": \"Carlotta Walsh\"}',3,'1981-09-17 09:40:15','2020-06-16 10:07:38'),(75,30,'https://yandexdisk.ru/vk/.jpeg',602291385,'{\"owner\": \"Krystina Fritsch\"}',1,'1989-03-26 04:20:58','2020-06-16 10:07:38'),(76,66,'https://yandexdisk.ru/vk/.avi',172057,'{\"owner\": \"Renee Monahan\"}',1,'2019-09-23 19:18:24','2020-06-16 10:07:38'),(77,42,'https://yandexdisk.ru/vk/.mpeg',380241,'{\"owner\": \"Alexandrine Borer\"}',2,'2015-09-09 18:03:05','2020-06-16 10:07:38'),(78,11,'https://yandexdisk.ru/vk/.avi',5713271,'{\"owner\": \"Lennie Trantow\"}',1,'1991-06-24 16:18:11','2020-06-16 10:07:38'),(79,27,'https://yandexdisk.ru/vk/.avi',375032,'{\"owner\": \"Walker Weber\"}',2,'2008-04-17 14:38:01','2020-06-16 10:07:38'),(80,2,'https://yandexdisk.ru/vk/.mpeg',724440,'{\"owner\": \"Greg Streich\"}',3,'1970-11-17 17:05:15','2020-06-16 10:07:38'),(81,27,'https://yandexdisk.ru/vk/.avi',74337277,'{\"owner\": \"Walker Weber\"}',1,'2018-04-05 09:05:04','2020-06-16 10:07:38'),(82,31,'https://yandexdisk.ru/vk/.avi',66607271,'{\"owner\": \"Vallie Hackett\"}',2,'1994-10-15 18:39:11','2020-06-16 10:07:38'),(83,73,'https://yandexdisk.ru/vk/.jpeg',58000281,'{\"owner\": \"Erna Greenholt\"}',1,'2004-11-18 09:57:36','2020-06-16 10:07:38'),(84,70,'https://yandexdisk.ru/vk/.mpeg',173916,'{\"owner\": \"Tatum Bradtke\"}',3,'2011-07-13 19:54:22','2020-06-16 10:07:38'),(85,31,'https://yandexdisk.ru/vk/.mpeg',1564095,'{\"owner\": \"Vallie Hackett\"}',1,'1994-11-19 05:55:07','2020-06-16 10:07:38'),(86,47,'https://yandexdisk.ru/vk/.avi',487105,'{\"owner\": \"Mac Boyer\"}',1,'1974-12-07 07:26:59','2020-06-16 10:07:38'),(87,38,'https://yandexdisk.ru/vk/.png',3266331,'{\"owner\": \"Celine Schuppe\"}',1,'2020-03-06 15:29:17','2020-06-16 10:07:38'),(88,49,'https://yandexdisk.ru/vk/.avi',252204,'{\"owner\": \"Wilmer Fadel\"}',2,'1998-08-12 23:31:27','2020-06-16 10:07:38'),(89,32,'https://yandexdisk.ru/vk/.mpeg',789707,'{\"owner\": \"Berneice Kovacek\"}',3,'1998-06-01 17:27:23','2020-06-16 10:07:38'),(90,10,'https://yandexdisk.ru/vk/.jpeg',181923,'{\"owner\": \"Germaine Volkman\"}',3,'1973-05-13 16:35:31','2020-06-16 10:07:38'),(91,54,'https://yandexdisk.ru/vk/.png',530494,'{\"owner\": \"Dagmar Heidenreich\"}',2,'1972-11-05 00:23:58','2020-06-16 10:07:38'),(92,40,'https://yandexdisk.ru/vk/.mpeg',613837,'{\"owner\": \"Tina Predovic\"}',3,'1974-06-12 06:37:00','2020-06-16 10:07:38'),(93,39,'https://yandexdisk.ru/vk/.avi',96701,'{\"owner\": \"Dexter Armstrong\"}',1,'2005-08-10 09:04:03','2020-06-16 10:07:38'),(94,73,'https://yandexdisk.ru/vk/.jpeg',2437,'{\"owner\": \"Erna Greenholt\"}',1,'1971-12-03 11:13:25','2020-06-16 10:07:38'),(95,48,'https://yandexdisk.ru/vk/.jpeg',882024,'{\"owner\": \"Isobel Bradtke\"}',2,'1990-09-28 09:13:57','2020-06-16 10:07:38'),(96,19,'https://yandexdisk.ru/vk/.png',855154,'{\"owner\": \"Della Rohan\"}',2,'1985-03-15 15:11:15','2020-06-16 10:07:38'),(97,51,'https://yandexdisk.ru/vk/.jpeg',110016,'{\"owner\": \"Lizeth Turcotte\"}',3,'2017-12-06 00:32:48','2020-06-16 10:07:38'),(98,99,'https://yandexdisk.ru/vk/.png',8124,'{\"owner\": \"Zula Baumbach\"}',1,'2017-11-30 01:45:22','2020-06-16 10:07:38'),(99,42,'https://yandexdisk.ru/vk/.png',1639806,'{\"owner\": \"Alexandrine Borer\"}',1,'1976-01-10 18:24:53','2020-06-16 10:07:38'),(100,12,'https://yandexdisk.ru/vk/.jpeg',894008,'{\"owner\": \"Nathan Oberbrunner\"}',3,'1984-10-30 01:10:52','2020-06-16 10:07:38');
/*!40000 ALTER TABLE `media` ENABLE KEYS */;
UNLOCK TABLES;

--
-- Table structure for table `media_types`
--

DROP TABLE IF EXISTS `media_types`;
/*!40101 SET @saved_cs_client     = @@character_set_client */;
/*!50503 SET character_set_client = utf8mb4 */;
CREATE TABLE `media_types` (
  `id` int unsigned NOT NULL AUTO_INCREMENT COMMENT 'Идентификатор строки',
  `name` varchar(255) CHARACTER SET utf8 COLLATE utf8_unicode_ci NOT NULL COMMENT 'Название типа',
  `created_at` datetime DEFAULT CURRENT_TIMESTAMP COMMENT 'Время создания строки',
  `updated_at` datetime DEFAULT CURRENT_TIMESTAMP ON UPDATE CURRENT_TIMESTAMP COMMENT 'Время обновления строки',
  PRIMARY KEY (`id`),
  UNIQUE KEY `name` (`name`)
) ENGINE=InnoDB AUTO_INCREMENT=4 DEFAULT CHARSET=utf8 COLLATE=utf8_unicode_ci COMMENT='Типы медиафайлов';
/*!40101 SET character_set_client = @saved_cs_client */;

--
-- Dumping data for table `media_types`
--

LOCK TABLES `media_types` WRITE;
/*!40000 ALTER TABLE `media_types` DISABLE KEYS */;
INSERT INTO `media_types` VALUES (1,'photo','2020-06-16 10:01:16','2020-06-16 10:01:16'),(2,'video','2020-06-16 10:01:16','2020-06-16 10:01:16'),(3,'audio','2020-06-16 10:01:16','2020-06-16 10:01:16');
/*!40000 ALTER TABLE `media_types` ENABLE KEYS */;
UNLOCK TABLES;

--
-- Table structure for table `messages`
--

DROP TABLE IF EXISTS `messages`;
/*!40101 SET @saved_cs_client     = @@character_set_client */;
/*!50503 SET character_set_client = utf8mb4 */;
CREATE TABLE `messages` (
  `id` int unsigned NOT NULL AUTO_INCREMENT COMMENT 'Идентификатор строки',
  `from_user_id` int unsigned NOT NULL COMMENT 'Ссылка на отправителя сообщения',
  `to_user_id` int unsigned NOT NULL COMMENT 'Ссылка на получателя сообщения',
  `body` text CHARACTER SET utf8 COLLATE utf8_unicode_ci NOT NULL COMMENT 'Текст сообщения',
  `media_id` int unsigned DEFAULT NULL,
  `is_important` tinyint(1) DEFAULT NULL COMMENT 'Признак важности',
  `is_delivered` tinyint(1) DEFAULT NULL COMMENT 'Признак доставки',
  `created_at` datetime DEFAULT CURRENT_TIMESTAMP COMMENT 'Время создания строки',
  PRIMARY KEY (`id`),
  KEY `messages_from_user_id_fk` (`from_user_id`),
  KEY `messages_to_user_id_fk` (`to_user_id`),
  CONSTRAINT `messages_from_user_id_fk` FOREIGN KEY (`from_user_id`) REFERENCES `users` (`id`),
  CONSTRAINT `messages_to_user_id_fk` FOREIGN KEY (`to_user_id`) REFERENCES `users` (`id`)
) ENGINE=InnoDB AUTO_INCREMENT=101 DEFAULT CHARSET=utf8 COLLATE=utf8_unicode_ci COMMENT='Сообщения';
/*!40101 SET character_set_client = @saved_cs_client */;

--
-- Dumping data for table `messages`
--

LOCK TABLES `messages` WRITE;
/*!40000 ALTER TABLE `messages` DISABLE KEYS */;
INSERT INTO `messages` VALUES (1,46,45,'Non ut omnis non aut. Molestiae saepe accusantium nulla hic ad. Provident expedita sed enim sunt minus sed. Similique eum aliquam cum rem. Nihil et ut veritatis.',6,1,1,'1977-07-23 20:54:19'),(2,86,96,'Quod assumenda et aut facere sed veniam. Ea ipsam aut soluta dolores qui sapiente. Ut nihil a ut. Hic enim est incidunt non rerum ut.',61,0,0,'1993-10-13 23:05:16'),(3,19,9,'Aspernatur et ipsa quo minima ut libero beatae. Repudiandae iste debitis excepturi omnis tempore at architecto. Incidunt itaque laboriosam distinctio voluptatem voluptas ipsam.',15,0,1,'1975-08-13 16:16:11'),(4,84,95,'Nisi et quo enim unde et. Quos fugit iure qui cupiditate laborum. Consequuntur temporibus et aperiam ducimus.',83,0,1,'2008-02-05 22:33:26'),(5,23,27,'Dolores nesciunt amet incidunt nostrum. Eos tempore repudiandae non dolores et. Quo quis animi magnam mollitia.',58,1,1,'1978-05-14 11:42:51'),(6,65,45,'Architecto fugiat perferendis et aut cum qui praesentium. Vel sit reiciendis totam est qui consequatur. Et sed voluptatem quibusdam est ut aspernatur molestias. Fugiat explicabo voluptatem nulla nam odio.',20,0,0,'1972-01-22 04:02:40'),(7,30,12,'Culpa labore illum enim labore. Aliquam nemo incidunt accusantium cumque a consectetur. Voluptas explicabo vitae voluptas architecto. Exercitationem architecto et suscipit explicabo voluptatem iure saepe.',65,1,0,'1993-12-17 16:16:38'),(8,73,26,'Ut qui reprehenderit non at adipisci rem. Sequi iusto assumenda dolorum ducimus quia libero. Rem quisquam assumenda ad vero culpa. Eum vel nemo recusandae corrupti.',57,0,0,'2006-03-08 18:30:57'),(9,10,74,'Et debitis corporis et voluptatibus est. Tenetur et commodi dolores molestiae aut. Sed ad cumque vel ea.',31,1,0,'2013-11-25 21:58:21'),(10,39,73,'Nisi nobis qui voluptates expedita excepturi sit facilis. Consequatur sapiente voluptas tempore ut expedita ea veritatis. Recusandae soluta laborum quo in adipisci. Ut qui in reprehenderit.',1,0,1,'2004-01-02 23:55:39'),(11,47,17,'Omnis vero ratione est molestias quia non voluptatem. Est omnis et laborum est. Quaerat esse qui atque accusamus voluptas doloremque.',72,1,0,'1992-07-05 21:03:13'),(12,43,64,'Ducimus quia inventore harum et ad. Dolor veritatis eos et totam officiis id voluptas ut. Est inventore incidunt delectus enim. Aut et nisi sit omnis. Sed qui nostrum voluptatem ducimus dolorem harum.',18,1,1,'1998-06-22 15:41:22'),(13,90,59,'Cum et similique rerum laudantium. Laborum repellat ad neque libero quia officiis nesciunt.',94,0,0,'1992-05-01 08:30:09'),(14,23,39,'Sed corrupti odio ut deleniti cumque assumenda. Quia qui aut beatae culpa eligendi. At maxime vero aut odio quo quas.',36,1,0,'1997-01-05 05:10:12'),(15,27,14,'Veritatis optio placeat id officia animi. Vel perspiciatis nisi laboriosam rerum ad magni voluptatem. Ut deleniti culpa repellendus at. Tempore consequatur tenetur autem harum fuga et reprehenderit a.',74,0,1,'1996-05-02 14:59:21'),(16,89,1,'Aspernatur maiores qui eos sequi eligendi. Labore enim illum ut vel inventore. Rerum necessitatibus provident ea perferendis ut. Veniam voluptas dignissimos aliquid voluptatem quos. Inventore voluptatibus voluptate temporibus a corporis nam quibusdam.',30,0,1,'2015-11-16 19:19:42'),(17,40,96,'Et qui est voluptatem iste. Et minus et odit eum ducimus. Aliquam sit rerum quia natus tempore ullam velit dolore.',96,1,0,'2012-08-29 18:20:08'),(18,61,14,'Et expedita pariatur sunt assumenda quibusdam quia rerum. Ipsum et minus enim harum nostrum quibusdam. Voluptatum molestiae ut odio mollitia quo atque nam. Provident qui sequi velit molestias adipisci voluptatem eos. Inventore cum veniam ut similique doloremque ad.',55,0,0,'1998-08-19 17:56:04'),(19,86,88,'Molestias repudiandae velit eligendi quis a nihil. Autem dolorem nam quae voluptatem illum sed velit. Maxime repellat in magnam beatae expedita corrupti non.',57,1,1,'2012-03-11 23:16:20'),(20,84,54,'Vitae qui nihil consequatur sapiente quos. Repellendus aperiam aperiam eius commodi sed vitae itaque nihil. Voluptas sint molestias minus suscipit impedit.',7,1,1,'2000-06-27 20:29:22'),(21,17,23,'Ducimus dicta et officiis debitis expedita tempora. Tempore assumenda veniam quod qui officia eveniet autem. Rerum voluptate et quos aut.',36,1,1,'1983-07-09 04:28:41'),(22,65,55,'Autem quia quasi est et. Ut quas possimus non ipsa sit. Voluptatibus iusto alias mollitia dolorem quo nihil laborum. Quo nisi accusantium voluptatum in eum occaecati maxime. Amet nobis natus cupiditate.',22,1,1,'1988-07-11 20:15:52'),(23,80,35,'Eos consequatur necessitatibus aspernatur facere odio. Culpa reprehenderit autem tempore quia molestiae repellat sed. At et tenetur commodi blanditiis rerum ea. Ex sed ut molestias doloribus.',93,1,0,'2000-05-02 20:07:53'),(24,32,57,'Explicabo voluptatum corporis et sed nisi numquam. Consectetur itaque totam perspiciatis aspernatur perferendis reiciendis dicta. Harum non earum libero laborum dolor et ea. Vero velit laudantium qui voluptatem porro saepe. Et unde cum odio quia sed inventore sed amet.',97,0,1,'1992-05-05 16:41:36'),(25,87,64,'Eum consequatur facilis sit. Consequatur voluptas et et ad dolore odio. Error aut omnis vel sint id dolore sequi.',52,1,1,'1995-10-04 03:44:49'),(26,56,91,'Aliquid voluptas minima minus distinctio sequi quos. Harum quis voluptas quo voluptatum officiis. Tenetur at qui molestias nihil omnis. Non sit explicabo rem maxime inventore non.',17,0,1,'1990-05-25 13:44:11'),(27,83,44,'Porro deleniti repellat dolorem iusto aut et maxime. Et voluptatem enim quae et vel enim pariatur. Amet mollitia perferendis molestiae eum eaque est.',10,0,1,'1983-09-19 05:49:00'),(28,71,21,'Quasi deserunt vel vel non consequatur corporis velit saepe. Sed incidunt sit et sed velit. Soluta deleniti rerum dicta magnam. Consequuntur est et consequuntur doloremque est qui amet.',27,1,1,'1981-10-22 09:12:48'),(29,92,96,'Aut dolorum est aut doloribus. Voluptatum et et ad. Quidem maiores quis assumenda ut sint. Dolorem porro earum aut.',86,0,1,'2016-09-08 20:51:52'),(30,5,37,'Pariatur est enim ipsum praesentium recusandae minus sed dolorum. Provident eos rerum culpa. Et ut ut quia consectetur distinctio fugit. Voluptatum necessitatibus quas aliquam nobis.',98,1,0,'1993-12-20 07:09:00'),(31,69,34,'Inventore pariatur aut assumenda repellat. Recusandae quasi aperiam at eius voluptates. Quo illo aut doloremque assumenda aliquid consequatur maxime. Molestias nobis consequatur debitis numquam est provident non.',45,0,0,'1974-05-31 13:09:28'),(32,60,1,'Ab temporibus facilis ipsam eveniet eaque dolores. Voluptas omnis et laborum sunt veritatis id veniam sed. Voluptates nam dolores quisquam maxime. Ab numquam voluptatibus sit maiores necessitatibus voluptas ratione at. Nisi ratione quas expedita optio.',71,1,1,'2005-08-28 12:44:45'),(33,21,4,'Omnis quos aut voluptas consequuntur alias praesentium voluptate. Dicta nisi enim excepturi sapiente quaerat assumenda quis. Architecto saepe rerum mollitia a dicta hic hic illum.',92,1,0,'1971-04-11 05:12:51'),(34,55,63,'Cumque fuga quaerat qui. Facilis eligendi magni ratione neque. Voluptas dolorum aut quas rerum error ex.',33,1,1,'2002-04-17 02:25:43'),(35,50,61,'Est pariatur laudantium magnam vitae doloribus est error. Laborum totam officiis et consectetur quibusdam aut accusamus. Placeat perferendis velit distinctio est id. Cupiditate cumque ipsam eius.',3,1,0,'1986-11-29 17:37:52'),(36,54,85,'Eius doloremque et eum. Facilis odio qui et debitis voluptates. Consequatur quod sunt totam aliquam nihil.',59,1,0,'1976-04-07 09:46:58'),(37,63,60,'Quidem quis illum quis qui aut. Neque rerum quod qui rerum et. Qui hic quasi tempora aut quas. Totam dolores non deleniti veniam.',91,0,1,'1982-05-21 01:14:29'),(38,9,64,'Quidem officia unde autem consequatur aut atque in illum. Velit optio sit illo voluptatem sed fugit. Deleniti corrupti quia praesentium ea animi aperiam. Dolorem nesciunt fuga a debitis ullam qui.',2,1,1,'2012-02-09 00:51:50'),(39,95,81,'Sunt inventore est et similique. Et quisquam aut maxime. Ut fugit tempora dolorem aliquam. Excepturi omnis vel vel nesciunt.',64,0,0,'2008-12-18 08:53:19'),(40,21,59,'Iusto vel eum cum illum ipsa. Necessitatibus assumenda nobis est corporis vero fugiat. Laboriosam velit officia rerum qui sint unde. Laudantium vitae ducimus quia dolores. In omnis nisi ipsam et.',99,1,1,'1977-09-09 13:03:41'),(41,31,78,'Est minima officia unde perspiciatis quia id. Ad sed ab itaque corporis illum voluptatem. Animi velit quidem atque et nulla ut placeat nesciunt.',29,1,0,'2007-10-18 11:19:39'),(42,95,42,'Facilis voluptatem eveniet beatae in et delectus. Illo qui rerum enim dicta et dolor. Possimus exercitationem doloremque velit iure labore dolorem aliquid.',16,1,0,'1998-11-20 10:50:14'),(43,24,94,'Doloremque ut accusantium autem officia inventore aut. Qui iste impedit praesentium vitae in. Ipsam cum ab eum ex molestiae quod. Saepe illo at est occaecati voluptas quibusdam.',69,0,1,'2012-08-22 19:12:19'),(44,96,100,'Voluptatem provident officiis commodi qui accusamus. Quia nesciunt harum voluptatem voluptates nam magnam suscipit. Aut cum vel iure assumenda optio voluptatem iusto.',14,1,0,'1986-04-06 02:36:31'),(45,10,48,'Sunt sapiente dolor molestias voluptatibus. Illum omnis quo officiis facilis quos dolore aspernatur. Labore laudantium occaecati quae est. Expedita eveniet maiores pariatur.',61,0,1,'1975-08-08 10:32:19'),(46,13,18,'Optio optio consequatur alias. Repellat id sed non nobis. At rerum pariatur sit.',63,0,1,'2006-01-17 20:18:13'),(47,51,100,'Fugit nisi recusandae quo deleniti eos velit quia. Odit quis sed rerum ad nemo. Et dignissimos corporis rem maiores dignissimos sit occaecati. Nihil voluptas sed ea at.',80,0,1,'1979-01-16 05:53:23'),(48,47,36,'Quis non eaque nulla totam numquam aut. Iure perspiciatis aut nihil ut.',84,0,0,'1999-03-08 05:29:19'),(49,38,79,'Sint natus eveniet atque voluptatem a magni. Dolorum aut consequatur est quas soluta similique. Quis doloribus excepturi ut qui consequatur quo. Aspernatur dolores dolor adipisci illum.',61,0,0,'2007-01-08 21:07:49'),(50,82,74,'Omnis aut vitae quia nulla neque. Ea culpa accusantium culpa. Repellendus mollitia quaerat repudiandae dolores voluptatem asperiores sapiente.',67,1,1,'2017-04-09 05:59:30'),(51,22,87,'Illum aspernatur voluptas quae delectus. Molestias itaque reprehenderit ab soluta.',81,0,1,'2015-10-26 01:00:14'),(52,67,76,'Qui sit aperiam soluta autem. Eos aut enim non veniam totam. Autem ratione assumenda maxime saepe. Et nesciunt harum iusto est ex eos.',82,0,1,'2011-06-19 00:26:14'),(53,76,51,'Autem et vel aliquid esse ipsum ut. Omnis consectetur repellat laborum occaecati quaerat aliquid. Maxime quam cupiditate impedit eius nesciunt et.',51,0,0,'1985-09-04 01:02:02'),(54,29,89,'Corporis accusantium architecto ad ipsum quos voluptas explicabo. Et ratione animi quis culpa. Et sequi ut fugit. Sapiente nostrum voluptas et soluta rem est.',79,1,1,'1983-11-21 19:50:51'),(55,61,34,'Temporibus vitae distinctio omnis. Nisi iusto dolorem impedit consequuntur nisi optio aut quia. Minus accusamus accusantium sunt aut. Nostrum dolore ea id reprehenderit architecto nostrum possimus.',92,0,0,'2016-10-10 23:21:47'),(56,87,31,'Aperiam facilis rem aliquid in. Est aut ad facilis sit qui non. Ab dolor nihil ut est. Dolorum amet voluptas quas odit sit. Aut sequi aliquid ad quisquam optio omnis.',62,1,1,'2009-08-29 16:05:08'),(57,96,86,'Consequuntur adipisci ab nam voluptas. Architecto voluptate libero impedit praesentium distinctio. Qui cupiditate dicta est autem quidem recusandae atque. Nobis mollitia et labore quae.',58,0,1,'1971-07-18 16:39:56'),(58,43,53,'Asperiores exercitationem veritatis ut molestiae repellendus accusamus similique. Harum saepe officiis cum voluptas. Voluptatem doloremque saepe qui non et rem. Ipsum sequi labore ipsam.',98,1,1,'1979-09-03 12:01:21'),(59,39,35,'Eius vero similique nesciunt. Corporis ut eos voluptatem qui. Ab at perferendis quam atque sed nisi amet. Porro eum optio perspiciatis autem fugit labore excepturi ab.',70,0,0,'1987-06-22 08:09:04'),(60,58,84,'Ea ab recusandae aut nesciunt itaque velit minus repellat. Soluta laudantium molestiae laboriosam aspernatur magni. Reiciendis ut amet dolores fugiat dolore. Quod amet et rerum.',45,1,0,'1995-09-23 09:42:29'),(61,46,79,'Voluptate voluptas quidem voluptate nostrum id. Magnam quo laboriosam quis consectetur earum consequuntur placeat ut.',52,1,0,'2007-12-05 01:01:43'),(62,53,29,'Facilis quia quia praesentium. Sapiente sed voluptas alias et odio commodi libero. Et atque aut doloremque rerum doloremque mollitia voluptates.',38,0,1,'2009-08-14 07:13:21'),(63,87,45,'Perferendis quasi aut eos sunt rerum harum. Voluptates voluptatibus eos commodi et. Maiores adipisci et sit temporibus id repudiandae debitis.',85,0,0,'2014-06-02 09:45:48'),(64,63,83,'Vero nostrum expedita pariatur dolore eveniet at est suscipit. Aut sint reprehenderit dolor animi minima voluptate officiis. Fuga molestias atque temporibus alias.',61,0,1,'2001-11-24 15:51:43'),(65,22,62,'Repudiandae architecto eum qui ea doloribus. Eveniet blanditiis itaque officiis dicta et et quos repellendus. Non tenetur necessitatibus veritatis illum beatae eius.',64,0,0,'1989-07-29 15:28:25'),(66,44,33,'Rerum perferendis in repudiandae in aspernatur cumque. Necessitatibus vitae cum nemo quis eum inventore non. Sunt quidem maxime excepturi sit.',53,0,0,'1995-08-19 18:45:12'),(67,34,69,'Ut qui quidem est dicta. Vitae vero iusto accusantium commodi necessitatibus. Sed error nihil voluptatem aperiam nihil ut. Repellendus quibusdam architecto dolore corrupti velit numquam dolor a.',57,1,0,'1977-02-22 22:11:41'),(68,44,13,'Animi suscipit vel sint ut recusandae autem. Qui omnis est tempora numquam possimus consequatur voluptatibus facere. Adipisci sit aut nemo dicta voluptatibus corporis architecto. Quo vel libero asperiores.',56,1,0,'2015-10-25 10:19:11'),(69,30,13,'Quam omnis facere culpa et. Qui sed vel blanditiis officia quia vero vero. Cupiditate dolores ut deserunt fugit et natus hic.',1,1,0,'1990-12-26 14:57:26'),(70,73,26,'Ut voluptatem dignissimos voluptatem sit voluptate sapiente. Libero tempore non at minus deleniti et delectus. Et rerum et et similique expedita. Saepe ut quia aut et eveniet commodi reiciendis error.',38,1,0,'1984-02-23 12:29:22'),(71,10,70,'Ipsa provident odio et praesentium. Eligendi quisquam cupiditate ut exercitationem fuga quod voluptas aut. Quod molestiae hic odio velit animi expedita eveniet. Quia praesentium est aut nulla cumque quis. Nostrum et sed quo sapiente rerum quod iusto.',74,0,1,'1994-09-16 14:02:34'),(72,22,99,'Sit perferendis est quod nam dignissimos numquam. Commodi quibusdam omnis laudantium quis ut delectus. Quaerat exercitationem quibusdam consequatur earum esse sed maxime.',94,0,1,'1971-07-28 23:56:47'),(73,26,35,'Deleniti non consectetur cupiditate aspernatur recusandae autem excepturi. Aperiam ut adipisci aliquid sit. Aut minus cum occaecati officiis. Occaecati non aliquam perspiciatis iure alias.',60,1,0,'2013-01-09 03:46:41'),(74,96,76,'Vel omnis consequatur eum maxime. Vero eius iusto vero quia dolorum voluptatem. Sit quis eveniet ullam commodi qui.',42,0,0,'1994-01-22 04:55:43'),(75,92,32,'Omnis incidunt omnis eum eveniet et quos. Quo dolorum id quas voluptatibus neque ad laborum. Culpa ut quae natus atque.',97,0,1,'1999-09-15 03:13:29'),(76,82,14,'Eos tempora consequuntur esse odit perspiciatis rem. Et beatae ipsum amet. Excepturi itaque qui itaque ab nulla rerum.',61,1,1,'2003-03-28 19:53:54'),(77,24,78,'Sint officiis et esse illo. Blanditiis earum reiciendis sunt itaque dignissimos impedit nesciunt. Unde sunt repellendus odit magni autem voluptas laudantium.',85,0,0,'1980-05-09 07:23:37'),(78,16,47,'Et eius rem libero hic. Sed culpa similique possimus aut ut nesciunt. Illo voluptatem ipsum magni officiis facilis et.',67,1,1,'1983-10-14 21:21:47'),(79,87,93,'Aut eligendi sunt excepturi quia maiores. Et et quisquam aperiam. Magni omnis sit aut rem. Aliquam dolorum consequatur officia aperiam enim.',83,1,0,'2014-07-20 01:03:39'),(80,2,30,'Inventore illo nam nihil quod ut. Illo sint nostrum omnis repellat sit. Et autem deserunt sunt assumenda. Commodi iusto commodi quam aut ea ut eaque.',23,0,1,'2009-06-16 19:21:07'),(81,46,38,'Et unde dolore sit culpa repellendus. Quas qui qui officiis est. Saepe est et ut sit illum est.',100,1,0,'1977-11-04 02:18:59'),(82,53,48,'Quasi consectetur fuga esse tempora sed. Magnam ducimus pariatur est ut sunt odio. Facilis sequi voluptas iure.',47,0,1,'1999-04-07 21:36:34'),(83,81,59,'Sequi non vitae vero. Ex fugit incidunt enim. Molestias est rem consectetur suscipit voluptatem. Tenetur corrupti repudiandae et fuga magni minima.',79,0,1,'1983-11-20 22:06:50'),(84,54,93,'Consequatur beatae excepturi cupiditate ullam nam. Et sequi sunt tempore quo tempore et. Quidem est ullam rerum illum.',37,1,0,'1998-11-11 09:30:11'),(85,2,28,'Dolorum maxime consequuntur quia corrupti nihil vel. Ut deleniti est distinctio id molestias rerum rem. Cum ullam minima omnis nam et.',17,0,0,'2005-07-24 17:10:42'),(86,37,97,'Vitae rerum repudiandae explicabo et deserunt temporibus pariatur. Rerum itaque reiciendis quis ut rerum enim repudiandae. Voluptas laborum eius sed quia. Adipisci non eius corporis molestiae.',24,0,1,'2002-07-26 18:25:33'),(87,76,86,'Facilis ab facilis quo voluptas minima. Error delectus aut accusamus ipsam earum. Dolorem nemo autem earum atque blanditiis inventore. Sit aut voluptatum et pariatur iusto numquam. Inventore neque excepturi nesciunt.',37,0,0,'1975-03-08 03:22:21'),(88,1,49,'Fuga unde consectetur mollitia. Qui consequatur enim voluptatum officia. Enim inventore distinctio et voluptatem.',47,0,1,'2004-03-13 02:13:14'),(89,42,61,'Consequatur nam nobis quia qui consequatur deleniti voluptatem optio. Rerum aut aliquid blanditiis eius culpa in. Error perspiciatis cum aut quasi autem.',26,1,0,'1992-01-11 14:42:08'),(90,79,10,'Sequi at vel eius est velit voluptatem. Molestias reprehenderit qui similique sed dolore reiciendis. Sapiente cumque rerum qui culpa iste voluptas ullam. Dolorem vitae ullam omnis asperiores eos rerum.',61,0,0,'1997-08-16 08:14:32'),(91,12,29,'Adipisci aperiam reprehenderit iste rerum. Illum molestiae et qui officiis molestiae beatae quis. Aliquid dolore quod officiis architecto perspiciatis ut dolorem ullam.',53,1,0,'1972-11-17 10:32:51'),(92,11,64,'Et minima sed quia eligendi eum possimus. Deserunt et dolores ipsa quaerat. Qui accusamus voluptas dolorum libero porro.',55,0,0,'1984-10-09 20:34:45'),(93,90,57,'Debitis commodi expedita et architecto fuga. Amet sit non sequi neque tenetur est et.',28,0,1,'2007-02-09 09:30:53'),(94,16,6,'Odit rerum vel deleniti non quia deleniti. Tenetur aut quis corporis reprehenderit necessitatibus quod. Incidunt sit consequatur expedita. Perferendis veniam eligendi eos modi eum ea voluptate.',4,0,0,'1987-08-09 22:59:54'),(95,81,89,'Aliquam ducimus quaerat et enim blanditiis quia. Sed et voluptatem quisquam voluptas. Error est mollitia corrupti. Ducimus harum sapiente labore doloribus deleniti totam.',62,1,1,'2003-08-25 18:39:02'),(96,100,31,'Enim et in vitae explicabo et laudantium. In beatae earum rerum odit adipisci dolorem. Est tempore omnis ipsa.',7,0,0,'1971-06-10 18:14:11'),(97,54,79,'Harum et dolorem alias blanditiis necessitatibus iste eveniet. Labore rem omnis vel ipsam aperiam. Minima asperiores dolorem voluptatem ullam dolorem voluptatem. Eveniet omnis atque sit sint illo sunt animi.',94,1,0,'2009-03-25 23:38:23'),(98,33,27,'Vero pariatur facilis non provident harum. Ratione omnis et eligendi quidem repellendus nemo voluptatem assumenda.',48,0,0,'1991-08-08 04:03:00'),(99,35,94,'Nulla minus dolor est maxime vel nulla. Rerum cupiditate molestias consequatur aut et voluptatem sed similique. Impedit occaecati voluptatum velit quibusdam qui et.',87,1,0,'1996-01-27 14:31:49'),(100,64,38,'Vero molestiae aliquid accusantium aliquid. Est voluptates molestias aliquam. Provident aut facere distinctio quidem. Reprehenderit non quo ipsa sit autem quia.',84,1,0,'2019-10-27 13:42:15');
/*!40000 ALTER TABLE `messages` ENABLE KEYS */;
UNLOCK TABLES;

--
-- Table structure for table `posts`
--

DROP TABLE IF EXISTS `posts`;
/*!40101 SET @saved_cs_client     = @@character_set_client */;
/*!50503 SET character_set_client = utf8mb4 */;
CREATE TABLE `posts` (
  `id` int unsigned NOT NULL AUTO_INCREMENT,
  `user_id` int unsigned NOT NULL,
  `community_id` int unsigned DEFAULT NULL,
  `head` varchar(255) DEFAULT NULL,
  `body` text NOT NULL,
  `media_id` int unsigned DEFAULT NULL,
  `is_public` tinyint(1) DEFAULT '1',
  `is_archived` tinyint(1) DEFAULT '0',
  `views_counter` int unsigned DEFAULT '0',
  `created_at` datetime DEFAULT CURRENT_TIMESTAMP,
  `updated_at` datetime DEFAULT CURRENT_TIMESTAMP ON UPDATE CURRENT_TIMESTAMP,
  PRIMARY KEY (`id`)
) ENGINE=InnoDB DEFAULT CHARSET=utf8mb4 COLLATE=utf8mb4_0900_ai_ci;
/*!40101 SET character_set_client = @saved_cs_client */;

--
-- Dumping data for table `posts`
--

LOCK TABLES `posts` WRITE;
/*!40000 ALTER TABLE `posts` DISABLE KEYS */;
/*!40000 ALTER TABLE `posts` ENABLE KEYS */;
UNLOCK TABLES;

--
-- Table structure for table `profiles`
--

DROP TABLE IF EXISTS `profiles`;
/*!40101 SET @saved_cs_client     = @@character_set_client */;
/*!50503 SET character_set_client = utf8mb4 */;
CREATE TABLE `profiles` (
  `user_id` int unsigned NOT NULL COMMENT 'Ссылка на пользователя',
  `photo_id` int unsigned DEFAULT NULL,
  `gender` char(1) CHARACTER SET utf8 COLLATE utf8_unicode_ci NOT NULL COMMENT 'Пол',
  `birthday` date DEFAULT NULL COMMENT 'Дата рождения',
  `city` varchar(130) CHARACTER SET utf8 COLLATE utf8_unicode_ci DEFAULT NULL COMMENT 'Город проживания',
  `country` varchar(130) CHARACTER SET utf8 COLLATE utf8_unicode_ci DEFAULT NULL COMMENT 'Страна проживания',
  `is_private` tinyint(1) DEFAULT '0',
  `created_at` datetime DEFAULT CURRENT_TIMESTAMP COMMENT 'Время создания строки',
  `updated_at` datetime DEFAULT CURRENT_TIMESTAMP ON UPDATE CURRENT_TIMESTAMP COMMENT 'Время обновления строки',
  PRIMARY KEY (`user_id`),
  KEY `profiles_photo_id_fk` (`photo_id`),
  CONSTRAINT `profiles_photo_id_fk` FOREIGN KEY (`photo_id`) REFERENCES `media` (`id`) ON DELETE SET NULL
) ENGINE=InnoDB DEFAULT CHARSET=utf8 COLLATE=utf8_unicode_ci COMMENT='Профили';
/*!40101 SET character_set_client = @saved_cs_client */;

--
-- Dumping data for table `profiles`
--

LOCK TABLES `profiles` WRITE;
/*!40000 ALTER TABLE `profiles` DISABLE KEYS */;
INSERT INTO `profiles` VALUES (1,69,'f','2007-08-24','Port Ashastad','Germany',0,'1993-04-12 09:54:30','2020-06-16 09:59:30'),(2,23,'m','2005-10-11','Windlermouth','Germany',0,'2007-05-23 22:11:08','2020-06-16 09:59:30'),(3,7,'f','2019-12-12','Streichport','Russian Federation',1,'2011-07-17 12:25:44','2020-06-16 09:59:30'),(4,66,'f','1993-06-28','Nedbury','Germany',0,'1980-12-21 22:17:39','2020-06-16 09:59:30'),(5,7,'m','2006-06-07','Handside','Russian Federation',1,'1996-08-13 06:59:33','2020-06-16 09:59:30'),(6,39,'f','1980-04-03','Lemketon','Germany',0,'2007-12-29 01:42:46','2020-06-16 09:59:20'),(7,75,'f','2015-09-16','North Delphamouth','Belarus',1,'1974-12-02 16:20:48','2020-06-16 09:59:30'),(8,54,'f','2019-06-30','East Jairo','Belarus',0,'1977-11-12 18:43:31','2020-06-16 09:59:30'),(9,47,'m','1987-11-01','Ronland','Russian Federation',0,'1996-01-24 06:15:39','2020-06-16 09:59:30'),(10,73,'f','2017-05-06','Roselynbury','Russian Federation',0,'1974-05-11 02:32:14','2020-06-16 09:59:30'),(11,24,'f','2001-11-03','Ramonaville','Germany',0,'1979-03-25 22:19:07','2020-06-16 09:59:20'),(12,99,'f','1986-11-19','Fadelville','Germany',1,'2011-10-13 05:25:14','2020-06-16 09:59:30'),(13,21,'f','1994-06-15','Lake Kyleighland','Belarus',0,'1998-08-26 13:11:42','2020-06-16 09:59:30'),(14,8,'f','1983-12-23','North Danny','Belarus',1,'1979-07-25 13:23:13','2020-06-16 09:59:30'),(15,78,'f','1975-07-08','West Arvilla','Russian Federation',0,'2015-11-24 12:45:03','2020-06-16 09:59:30'),(16,63,'f','2009-07-30','Santinaland','Russian Federation',0,'2017-07-07 15:15:05','2020-06-16 09:59:30'),(17,82,'m','1986-03-12','East Mohammedland','Belarus',0,'2020-03-29 12:12:40','2020-06-16 09:59:30'),(18,18,'f','1978-12-24','Johnstonchester','Russian Federation',0,'2000-02-19 00:35:48','2020-06-16 09:59:30'),(19,47,'m','2017-04-02','South Deanna','Belarus',1,'2013-03-31 03:22:41','2020-06-16 09:59:30'),(20,78,'m','2012-08-13','Merlinhaven','Russian Federation',1,'1977-04-01 15:27:38','2020-06-16 09:59:30'),(21,48,'f','1995-01-20','Ceasarhaven','Belarus',1,'1981-11-15 11:24:38','2020-06-16 09:59:30'),(22,6,'f','1991-05-18','Quentinport','Belarus',0,'1972-12-27 22:04:48','2020-06-16 09:59:20'),(23,86,'m','1983-07-21','Lake Desmond','Belarus',1,'1988-07-31 21:42:10','2020-06-16 09:59:30'),(24,10,'f','2013-01-11','Carmellahaven','Germany',1,'2019-09-03 15:22:47','2020-06-16 09:59:30'),(25,92,'f','2003-09-05','Noechester','Russian Federation',1,'1982-04-02 06:57:16','2020-06-16 09:59:30'),(26,31,'f','1982-01-20','Botsfordton','Belarus',1,'1996-09-21 08:37:09','2020-06-16 09:59:30'),(27,76,'m','2000-09-02','North Shanel','Russian Federation',0,'2018-10-09 03:16:32','2020-06-16 09:59:20'),(28,89,'m','1999-04-27','Kautzerborough','Germany',1,'1992-11-13 10:14:42','2020-06-16 09:59:30'),(29,14,'f','1987-12-01','Lindland','Germany',1,'1983-09-18 22:44:52','2020-06-16 09:59:30'),(30,5,'f','2007-07-26','Cassiefort','Russian Federation',0,'2009-02-02 10:30:29','2020-06-16 09:59:30'),(31,80,'m','1983-11-30','Lake Chynaborough','Belarus',1,'1982-06-17 05:50:28','2020-06-16 09:59:30'),(32,87,'f','1995-12-28','New Julie','Russian Federation',0,'2006-10-08 03:42:16','2020-06-16 09:59:30'),(33,95,'f','2015-04-22','Lake Alecmouth','Germany',0,'2014-11-02 07:18:04','2020-06-16 09:59:30'),(34,12,'f','2015-02-20','Lake Alexandre','Belarus',1,'1994-04-04 08:52:14','2020-06-16 09:59:30'),(35,75,'m','1979-10-24','East Sanfordstad','Belarus',0,'1982-07-17 01:28:07','2020-06-16 09:59:30'),(36,40,'f','1994-09-18','Lake Santatown','Belarus',1,'1989-03-23 18:13:49','2020-06-16 09:59:30'),(37,71,'f','1993-07-19','Daphneeland','Belarus',0,'1993-09-13 00:22:30','2020-06-16 09:59:30'),(38,38,'f','2003-09-09','Larissatown','Russian Federation',0,'1988-01-06 08:44:55','2020-06-16 09:59:30'),(39,74,'m','1984-02-15','Rogahnchester','Belarus',1,'2009-09-09 10:09:16','2020-06-16 09:59:30'),(40,57,'f','2009-01-02','East Laurine','Belarus',1,'1988-12-25 15:48:05','2020-06-16 09:59:30'),(41,60,'f','1995-04-28','Hilllville','Russian Federation',1,'2007-04-01 02:22:42','2020-06-16 09:59:30'),(42,30,'m','2016-09-14','New Karen','Belarus',0,'1986-08-10 16:19:27','2020-06-16 09:59:30'),(43,69,'m','1989-05-27','Weberland','Russian Federation',1,'1991-12-23 18:20:13','2020-06-16 09:59:20'),(44,53,'f','1991-10-30','Port Isaiastown','Belarus',0,'2012-08-01 16:08:34','2020-06-16 09:59:30'),(45,61,'f','2005-11-22','Gideonview','Russian Federation',1,'1988-03-07 13:27:45','2020-06-16 09:59:30'),(46,42,'m','2018-08-02','West Frankie','Belarus',1,'2014-03-02 23:27:44','2020-06-16 09:59:30'),(47,30,'m','1972-02-14','Tayaview','Germany',1,'2003-08-23 08:25:27','2020-06-16 09:59:30'),(48,20,'m','1972-03-28','Port Mortonmouth','Russian Federation',1,'1996-06-17 08:11:16','2020-06-16 09:59:30'),(49,13,'f','1994-11-21','West Georgette','Belarus',1,'1984-01-15 02:56:25','2020-06-16 09:59:30'),(50,3,'m','1979-03-28','Lake Orlando','Belarus',1,'1998-11-19 04:58:07','2020-06-16 09:59:30'),(51,76,'f','1995-04-26','Ebertburgh','Belarus',1,'1998-03-21 00:03:46','2020-06-16 09:59:30'),(52,68,'m','1977-08-26','Lake Willa','Germany',0,'2000-03-21 02:27:15','2020-06-16 09:59:30'),(53,15,'f','2012-02-04','Rosannafurt','Russian Federation',0,'2003-02-16 08:46:26','2020-06-16 09:59:30'),(54,69,'f','2011-03-24','East Blanca','Russian Federation',1,'1970-11-18 10:47:55','2020-06-16 09:59:30'),(55,100,'m','1984-10-25','Ondrickabury','Germany',1,'2011-03-07 05:45:12','2020-06-16 09:59:30'),(56,91,'m','1986-11-21','Port Luluville','Germany',1,'1997-11-02 18:11:03','2020-06-16 09:59:30'),(57,54,'f','2009-08-09','Lindaview','Belarus',0,'1984-02-20 17:48:35','2020-06-16 09:59:30'),(58,99,'f','2011-04-12','North Marshallville','Russian Federation',1,'1996-06-28 03:01:52','2020-06-16 09:59:30'),(59,32,'m','1989-04-22','Kuhlmanshire','Belarus',1,'2007-06-03 21:42:18','2020-06-16 09:59:30'),(60,60,'m','1994-03-24','Smithamport','Belarus',1,'1970-12-01 21:05:04','2020-06-16 09:59:30'),(61,5,'f','1975-11-04','Zariachester','Belarus',0,'1983-05-21 18:58:03','2020-06-16 09:59:30'),(62,44,'f','2011-09-22','North Alanisberg','Germany',1,'1989-04-13 12:12:34','2020-06-16 09:59:30'),(63,7,'m','1992-05-07','East Kendrahaven','Belarus',1,'2001-01-15 20:21:49','2020-06-16 09:59:30'),(64,1,'f','1979-11-25','South Rachael','Belarus',1,'2015-10-16 11:00:07','2020-06-16 09:59:30'),(65,82,'m','2006-08-18','Sipesmouth','Russian Federation',1,'1996-10-06 20:37:08','2020-06-16 09:59:30'),(66,9,'f','1994-06-22','Weimannborough','Germany',1,'2011-02-26 21:40:37','2020-06-16 09:59:30'),(67,99,'f','1988-09-10','South Otho','Germany',1,'1987-08-16 22:59:33','2020-06-16 09:59:30'),(68,67,'m','2009-06-22','East Libbie','Russian Federation',1,'1996-02-06 13:01:51','2020-06-16 09:59:30'),(69,37,'m','1973-10-23','South Jaquelin','Russian Federation',1,'2007-04-26 05:16:05','2020-06-16 09:59:30'),(70,82,'m','2001-07-25','South Roberto','Russian Federation',1,'2016-03-11 10:45:04','2020-06-16 09:59:30'),(71,97,'f','1972-07-12','Bartellstad','Germany',1,'2000-03-08 04:28:18','2020-06-16 09:59:20'),(72,42,'m','1998-12-25','East Eleanore','Russian Federation',1,'2013-02-16 08:04:41','2020-06-16 09:59:30'),(73,19,'m','1995-12-20','East Arne','Germany',1,'1974-10-16 04:16:08','2020-06-16 09:59:30'),(74,67,'m','1984-12-04','Port Rex','Belarus',1,'1997-02-28 22:01:01','2020-06-16 09:59:30'),(75,78,'f','1979-09-29','East Kelly','Belarus',1,'1998-07-24 22:26:58','2020-06-16 09:59:30'),(76,89,'m','1979-06-05','North Delfina','Belarus',0,'2007-12-09 14:57:27','2020-06-16 09:59:30'),(77,9,'m','1979-05-22','East Alejandrabury','Belarus',1,'1998-03-24 04:12:44','2020-06-16 09:59:30'),(78,80,'m','2012-12-09','South Carolyne','Russian Federation',0,'1999-06-19 21:37:58','2020-06-16 09:59:30'),(79,69,'m','1998-04-22','Dibbertport','Russian Federation',1,'1979-12-20 16:32:13','2020-06-16 09:59:30'),(80,8,'m','1975-12-08','Schadenland','Germany',1,'2004-06-16 07:52:41','2020-06-16 09:59:30'),(81,30,'f','2001-11-13','West Edna','Germany',1,'1990-02-28 18:46:38','2020-06-16 09:59:30'),(82,27,'f','2015-02-21','North Robertaburgh','Belarus',1,'1991-03-06 13:53:29','2020-06-16 09:59:30'),(83,42,'f','2020-02-24','Lake Carrie','Germany',0,'1999-08-17 12:24:25','2020-06-16 09:59:30'),(84,32,'m','2016-04-22','North Brittanyburgh','Germany',1,'2017-06-21 02:39:31','2020-06-16 09:59:30'),(85,31,'f','1994-06-05','Albaville','Belarus',1,'2003-03-28 14:43:29','2020-06-16 09:59:30'),(86,60,'f','1988-11-21','North Joshuah','Belarus',1,'1989-07-25 07:47:17','2020-06-16 09:59:30'),(87,6,'m','1995-02-04','New Harmon','Russian Federation',1,'2014-10-11 00:05:26','2020-06-16 09:59:30'),(88,48,'m','1991-08-15','Creminmouth','Russian Federation',1,'1995-06-01 19:33:29','2020-06-16 09:59:30'),(89,23,'f','2001-12-17','Oberbrunnerton','Russian Federation',1,'1994-07-14 10:39:52','2020-06-16 09:59:30'),(90,72,'f','2016-08-18','Lake Adolf','Germany',1,'1973-04-02 12:01:38','2020-06-16 09:59:30'),(91,87,'m','1995-12-26','West Sidview','Russian Federation',1,'1988-04-27 00:36:11','2020-06-16 09:59:30'),(92,22,'f','2000-08-20','O\'Connerview','Germany',1,'1983-10-17 12:30:28','2020-06-16 09:59:30'),(93,46,'m','1988-05-31','Lake Jaidaborough','Russian Federation',0,'1999-10-17 11:46:16','2020-06-16 09:59:30'),(94,65,'m','1984-12-25','Kelsiechester','Belarus',1,'1989-03-07 17:18:36','2020-06-16 09:59:30'),(95,87,'m','1977-01-06','Alexandrinemouth','Germany',1,'1976-06-04 15:54:14','2020-06-16 09:59:30'),(96,40,'f','2010-03-22','Walshberg','Germany',1,'1977-02-10 07:55:43','2020-06-16 09:59:30'),(97,38,'m','1974-03-27','Lake Bettiefurt','Russian Federation',1,'2000-02-03 03:48:29','2020-06-16 09:59:30'),(98,69,'f','1996-12-06','Schinnerview','Belarus',1,'2000-04-27 04:04:08','2020-06-16 09:59:30'),(99,29,'m','2005-02-09','Breitenbergfort','Russian Federation',1,'1996-03-26 16:48:08','2020-06-16 09:59:30'),(100,38,'m','2016-04-16','Wisokyfort','Germany',1,'1994-11-27 02:44:46','2020-06-16 09:59:30');
/*!40000 ALTER TABLE `profiles` ENABLE KEYS */;
UNLOCK TABLES;

--
-- Table structure for table `target_types`
--

DROP TABLE IF EXISTS `target_types`;
/*!40101 SET @saved_cs_client     = @@character_set_client */;
/*!50503 SET character_set_client = utf8mb4 */;
CREATE TABLE `target_types` (
  `id` int unsigned NOT NULL AUTO_INCREMENT,
  `name` varchar(255) NOT NULL,
  `created_at` datetime DEFAULT CURRENT_TIMESTAMP,
  PRIMARY KEY (`id`),
  UNIQUE KEY `name` (`name`)
) ENGINE=InnoDB AUTO_INCREMENT=5 DEFAULT CHARSET=utf8mb4 COLLATE=utf8mb4_0900_ai_ci;
/*!40101 SET character_set_client = @saved_cs_client */;

--
-- Dumping data for table `target_types`
--

LOCK TABLES `target_types` WRITE;
/*!40000 ALTER TABLE `target_types` DISABLE KEYS */;
INSERT INTO `target_types` VALUES (1,'messages','2020-06-22 17:34:39'),(2,'users','2020-06-22 17:34:39'),(3,'media','2020-06-22 17:34:39'),(4,'posts','2020-06-22 17:34:39');
/*!40000 ALTER TABLE `target_types` ENABLE KEYS */;
UNLOCK TABLES;

--
-- Table structure for table `user_statuses`
--

DROP TABLE IF EXISTS `user_statuses`;
/*!40101 SET @saved_cs_client     = @@character_set_client */;
/*!50503 SET character_set_client = utf8mb4 */;
CREATE TABLE `user_statuses` (
  `id` int unsigned NOT NULL AUTO_INCREMENT,
  `name` varchar(150) NOT NULL,
  PRIMARY KEY (`id`),
  UNIQUE KEY `name` (`name`)
) ENGINE=InnoDB AUTO_INCREMENT=4 DEFAULT CHARSET=utf8mb4 COLLATE=utf8mb4_0900_ai_ci;
/*!40101 SET character_set_client = @saved_cs_client */;

--
-- Dumping data for table `user_statuses`
--

LOCK TABLES `user_statuses` WRITE;
/*!40000 ALTER TABLE `user_statuses` DISABLE KEYS */;
INSERT INTO `user_statuses` VALUES (1,'active'),(2,'blocked'),(3,'deleted');
/*!40000 ALTER TABLE `user_statuses` ENABLE KEYS */;
UNLOCK TABLES;

--
-- Table structure for table `users`
--

DROP TABLE IF EXISTS `users`;
/*!40101 SET @saved_cs_client     = @@character_set_client */;
/*!50503 SET character_set_client = utf8mb4 */;
CREATE TABLE `users` (
  `id` int unsigned NOT NULL AUTO_INCREMENT COMMENT 'Идентификатор строки',
  `first_name` varchar(100) CHARACTER SET utf8 COLLATE utf8_unicode_ci NOT NULL COMMENT 'Имя пользователя',
  `last_name` varchar(100) CHARACTER SET utf8 COLLATE utf8_unicode_ci NOT NULL COMMENT 'Фамилия пользователя',
  `email` varchar(100) CHARACTER SET utf8 COLLATE utf8_unicode_ci NOT NULL COMMENT 'Почта',
  `phone` varchar(100) CHARACTER SET utf8 COLLATE utf8_unicode_ci NOT NULL COMMENT 'Телефон',
  `status_id` int unsigned NOT NULL DEFAULT '1',
  `created_at` datetime DEFAULT CURRENT_TIMESTAMP COMMENT 'Время создания строки',
  `updated_at` datetime DEFAULT CURRENT_TIMESTAMP ON UPDATE CURRENT_TIMESTAMP COMMENT 'Время обновления строки',
  PRIMARY KEY (`id`),
  UNIQUE KEY `email` (`email`),
  UNIQUE KEY `phone` (`phone`)
) ENGINE=InnoDB AUTO_INCREMENT=101 DEFAULT CHARSET=utf8 COLLATE=utf8_unicode_ci COMMENT='Пользователи';
/*!40101 SET character_set_client = @saved_cs_client */;

--
-- Dumping data for table `users`
--

LOCK TABLES `users` WRITE;
/*!40000 ALTER TABLE `users` DISABLE KEYS */;
INSERT INTO `users` VALUES (1,'Santina','Keeling','cynthia.hilll@example.org','096.730.8644',1,'1989-03-01 02:34:31','2010-10-23 07:59:40'),(2,'Greg','Streich','dsimonis@example.org','1-414-040-1249',1,'1970-06-25 18:20:22','1985-10-24 15:43:09'),(3,'Max','Wiza','eriberto81@example.com','1-483-687-9527',2,'1998-12-12 01:54:10','2020-06-12 20:55:33'),(4,'Kaylah','Rosenbaum','ro\'kon@example.com','(536)464-6924',1,'1989-01-13 07:57:33','2018-07-31 12:51:11'),(5,'Milton','Larkin','dooley.dillon@example.net','(653)550-0059x651',1,'2001-12-17 10:02:26','2018-07-26 11:44:47'),(6,'Geraldine','VonRueden','doyle.phyllis@example.com','246.473.2581x69475',1,'2009-05-20 08:27:00','2010-09-08 16:19:06'),(7,'Sandra','Kemmer','rnicolas@example.org','508-940-6563',1,'2017-09-16 21:59:54','2020-06-12 20:57:43'),(8,'Tracy','Luettgen','hope.schneider@example.org','1-168-869-9118',1,'2006-12-12 16:29:48','2020-06-12 20:57:43'),(9,'Rosalia','Boyle','collier.catalina@example.com','(933)352-0818',1,'1992-11-01 02:51:32','1998-03-18 01:18:55'),(10,'Germaine','Volkman','treva.eichmann@example.org','370.718.0103x3972',1,'2019-09-28 22:46:33','2020-06-12 20:57:43'),(11,'Lennie','Trantow','cdickens@example.net','1-490-875-0772x539',1,'2015-04-11 04:14:58','2020-06-12 20:57:43'),(12,'Nathan','Oberbrunner','cory23@example.com','202-427-4966x86439',1,'1976-12-19 07:02:40','1981-09-02 15:43:33'),(13,'Tanya','Tremblay','herzog.sydnie@example.net','1-663-816-6647x1321',1,'1983-04-22 14:04:58','2020-06-12 20:57:43'),(14,'Ocie','Glover','asporer@example.com','492.927.9058x32904',1,'1989-05-07 06:37:15','2020-06-12 20:57:43'),(15,'Carlotta','Beahan','maddison79@example.net','242-165-1806x3428',1,'1991-09-08 02:59:42','2020-06-12 20:57:43'),(16,'Dagmar','Gerlach','jwintheiser@example.com','1-773-952-2429',1,'1977-11-05 23:35:25','2007-02-17 20:45:10'),(17,'Estefania','Schmidt','yvette.breitenberg@example.net','074.370.1759x3952',1,'1990-08-07 19:13:39','1995-08-06 14:08:50'),(18,'Kaela','McCullough','hjohnson@example.com','(471)939-6898x82856',1,'1977-04-26 03:36:55','1990-04-24 21:06:14'),(19,'Della','Rohan','maeve.barton@example.com','06826047744',1,'1992-02-16 03:50:48','2020-06-12 20:57:43'),(20,'Cecil','Kuhn','citlalli.spencer@example.org','1-513-263-7031x86423',1,'1986-10-17 15:28:27','1991-07-15 06:33:48'),(21,'Jaqueline','Botsford','ullrich.meghan@example.org','296-606-3897x974',1,'1989-09-14 06:48:19','2020-06-12 20:57:43'),(22,'Archibald','Gorczany','clifford47@example.com','047-097-1150x098',1,'1977-05-18 19:00:17','2020-06-12 20:57:43'),(23,'Heloise','Pfannerstill','marlee.treutel@example.com','1-749-244-5070x27578',1,'1989-01-30 22:43:28','2020-06-12 20:57:43'),(24,'Emily','Toy','egreenfelder@example.org','1-452-417-5962x35501',1,'1994-10-26 09:04:05','2020-06-12 20:57:43'),(25,'Torrance','Botsford','connor.ondricka@example.com','772-934-2863x0881',1,'2014-05-23 09:35:42','2020-06-12 20:57:43'),(26,'Lindsay','Bosco','joe.collins@example.org','(365)639-7256',1,'1978-08-17 22:36:50','2009-10-18 22:11:33'),(27,'Walker','Weber','deron.hauck@example.net','294.670.8041x4586',1,'1970-09-27 10:01:56','2019-06-04 18:00:08'),(28,'Tania','Glover','mosciski.chelsea@example.com','1-777-604-8890x01916',3,'1973-12-07 01:46:28','2020-06-12 20:56:04'),(29,'Herman','Nicolas','louie07@example.net','428.997.1783x0870',1,'1992-04-22 15:45:43','1998-08-12 16:45:24'),(30,'Krystina','Fritsch','sonya.jacobi@example.net','725-166-2428',1,'1979-02-16 23:46:54','2020-06-12 20:57:43'),(31,'Vallie','Hackett','craig11@example.net','(240)781-5052',3,'1978-03-20 13:00:37','2020-06-12 20:56:04'),(32,'Berneice','Kovacek','twuckert@example.org','03935451984',2,'1996-08-01 09:42:27','2020-06-12 20:55:33'),(33,'Lacy','Altenwerth','leora32@example.net','1-958-715-6563x025',3,'1997-08-23 10:54:18','2020-06-12 20:56:04'),(34,'Dorothea','Lynch','diana82@example.net','(101)442-8245x594',2,'2013-08-29 17:52:23','2020-06-12 20:55:33'),(35,'Hudson','Wilkinson','buford.ullrich@example.com','686-490-6845',1,'1989-12-11 18:08:14','2020-06-12 20:57:43'),(36,'Dino','Ziemann','uullrich@example.org','1-760-652-2836x845',1,'2006-05-01 15:49:54','2020-06-12 20:57:43'),(37,'Enola','Baumbach','rosario45@example.com','01197781783',1,'1993-12-19 09:17:49','2020-06-12 20:57:43'),(38,'Celine','Schuppe','ignatius20@example.com','(286)512-5899x0003',1,'2018-09-23 03:11:42','2020-06-12 20:57:43'),(39,'Dexter','Armstrong','jane80@example.net','795-429-3326',1,'2011-06-19 12:58:28','2020-06-12 20:57:43'),(40,'Tina','Predovic','yschoen@example.net','1-095-965-3115',1,'1971-12-22 04:00:54','1987-03-09 09:21:09'),(41,'Sheila','Huel','braulio.feil@example.org','476.850.1180',1,'1982-05-27 20:43:57','2017-09-07 20:59:26'),(42,'Alexandrine','Borer','rylee.harvey@example.net','985-773-2917x9135',1,'1999-11-23 10:44:44','2019-10-17 21:13:30'),(43,'Moses','Murphy','leif59@example.org','388.591.2386',1,'2004-05-21 00:28:19','2020-06-12 20:57:43'),(44,'Hubert','Greenholt','uthiel@example.net','1-949-590-2802x66950',1,'1984-09-06 23:18:27','2020-06-12 20:57:43'),(45,'Wilson','Miller','noah28@example.net','624.006.0579x570',1,'1991-04-10 04:16:37','2006-01-31 21:58:21'),(46,'Dakota','Sanford','mills.terry@example.org','981-489-6104',1,'2004-05-12 03:25:23','2020-06-12 20:57:43'),(47,'Mac','Boyer','jairo.tillman@example.net','02828955581',1,'2003-01-05 00:10:43','2020-06-12 20:57:43'),(48,'Isobel','Bradtke','marjolaine00@example.com','978-324-6387x01625',1,'2007-01-02 15:50:50','2020-06-12 20:57:43'),(49,'Wilmer','Fadel','cortez56@example.net','(111)537-3811',1,'1991-02-28 22:52:23','1992-02-07 02:37:07'),(50,'Hassan','Gibson','harvey.louisa@example.org','172-964-9799x39931',1,'1980-06-12 02:09:02','2020-06-12 20:57:43'),(51,'Lizeth','Turcotte','dboehm@example.net','1-612-060-1152x741',1,'1997-03-29 19:54:09','1997-05-05 07:02:25'),(52,'Jammie','Schmeler','lrunte@example.com','+33(5)9925726255',3,'2001-01-14 16:56:12','2020-06-12 20:56:04'),(53,'Cortney','Deckow','gerard.bartoletti@example.com','1-704-018-4515x3448',1,'2012-06-27 19:55:59','2020-06-12 20:57:43'),(54,'Dagmar','Heidenreich','miguel60@example.net','+41(1)5647165796',1,'1973-07-05 03:18:52','2020-06-12 20:57:43'),(55,'Leonora','Wilderman','collins.alverta@example.net','(634)357-6333x516',1,'2001-08-28 11:01:07','2020-06-12 20:57:43'),(56,'Dee','Farrell','davion67@example.net','(575)250-1480x95259',1,'1982-01-28 07:05:49','1993-05-17 13:05:08'),(57,'Kaitlin','D\'Amore','ondricka.percival@example.com','+27(0)2165875590',1,'1995-04-23 16:45:18','1995-11-10 14:50:20'),(58,'Kurtis','Daugherty','ethel91@example.net','882-068-1792x6609',1,'1984-02-20 20:07:07','2020-06-12 20:57:43'),(59,'Bertram','Jaskolski','adolf85@example.com','(711)351-1500x81253',2,'1990-08-18 02:06:26','2020-06-12 20:55:33'),(60,'Carlotta','Walsh','meggie.stamm@example.net','971-050-5897x45124',1,'1978-02-03 02:31:02','1995-01-17 07:07:53'),(61,'Dominic','Sawayn','oferry@example.net','1-888-687-7225',1,'2012-06-12 08:14:17','2020-06-12 20:57:43'),(62,'Sabryna','Hermiston','carolanne.bauch@example.org','1-074-900-2359x45121',1,'1986-03-11 18:37:08','2006-05-15 11:47:51'),(63,'Barbara','Schmeler','kuhic.macie@example.com','(327)340-3314x56609',1,'1995-01-07 17:30:48','2020-06-12 20:57:43'),(64,'Braxton','Tremblay','dereck.bins@example.com','664-608-3520',1,'1978-07-07 11:57:47','1988-10-09 14:09:42'),(65,'Maximilian','Russel','orval83@example.net','(532)048-8908x3260',1,'1985-07-19 17:55:27','2010-05-17 06:13:12'),(66,'Renee','Monahan','dhettinger@example.net','742-612-2026x0368',1,'2005-01-21 19:19:07','2020-06-12 20:57:43'),(67,'Judson','Stiedemann','fgrant@example.com','(930)472-4382x922',1,'1977-07-22 17:31:40','2009-07-26 06:51:54'),(68,'Rosalee','Mohr','adolph.murphy@example.com','+75(3)5147399288',1,'1978-05-11 12:05:24','1981-10-06 11:18:32'),(69,'Carleton','Lemke','dickinson.westley@example.net','(194)754-6695x820',1,'2009-07-02 23:10:16','2020-06-12 20:57:43'),(70,'Tatum','Bradtke','gilda.pollich@example.org','(440)416-5962x450',1,'1995-02-25 16:41:16','2020-06-12 20:57:43'),(71,'Genevieve','Effertz','odie.schimmel@example.com','1-793-697-5985',1,'1970-11-25 06:39:59','1996-01-01 04:39:37'),(72,'Earnestine','Schmidt','fritsch.jessyca@example.org','+41(8)3133122015',1,'1976-08-22 20:47:44','2020-06-12 20:57:43'),(73,'Erna','Greenholt','jerde.leif@example.net','085.041.9563',1,'2013-02-02 03:45:44','2020-06-12 20:57:43'),(74,'Maia','Terry','aharris@example.com','1-541-556-1606x61599',1,'2006-11-19 07:37:46','2020-06-12 20:57:43'),(75,'Elbert','Bauch','rowan16@example.org','05695460692',1,'2003-10-20 09:03:04','2019-09-05 21:21:02'),(76,'Enola','Doyle','slebsack@example.net','1-634-875-8497x20809',1,'1972-05-30 06:54:47','1973-02-28 23:04:26'),(77,'Axel','Keebler','brekke.jake@example.net','(529)840-5906x1278',1,'1986-06-08 18:27:28','2020-06-12 20:57:43'),(78,'Lula','Kiehn','hickle.joaquin@example.org','(051)941-3881x62353',1,'1985-04-10 19:24:13','1993-08-03 21:37:30'),(79,'Chelsea','Boyle','whansen@example.org','(324)599-9101',1,'1996-05-15 18:50:00','2020-06-12 20:57:43'),(80,'Noemie','Simonis','marquardt.werner@example.net','278.934.0904',1,'2013-07-27 10:54:58','2020-06-12 20:57:43'),(81,'Scotty','Christiansen','uo\'hara@example.org','474.382.1275x677',1,'2007-11-04 03:32:43','2013-06-01 19:44:09'),(82,'Dannie','Mohr','casimer02@example.com','05758009406',1,'2009-04-01 17:47:37','2020-06-12 20:57:43'),(83,'Valentine','Jast','pink10@example.com','(718)575-0834x207',1,'2005-10-23 18:59:16','2020-06-12 20:57:43'),(84,'Casandra','O\'Connell','dwilliamson@example.com','(587)740-7922x7730',1,'2001-01-11 00:07:14','2020-06-12 20:57:43'),(85,'Uriel','Sipes','jadon.glover@example.org','1-554-018-7028',1,'2009-08-21 14:14:35','2020-06-12 20:57:43'),(86,'Elisabeth','Ortiz','jakob.bradtke@example.org','+47(8)2684499081',1,'2017-08-07 03:11:04','2020-06-12 20:57:43'),(87,'Abdul','Walter','wuckert.christy@example.net','564.357.4636x0519',1,'1998-05-07 06:40:49','2020-06-12 20:57:43'),(88,'Doug','McClure','vebert@example.net','944.032.7225x662',1,'2004-08-09 07:46:10','2020-06-12 20:57:43'),(89,'Clair','Labadie','sunny.fadel@example.com','1-933-547-8713',1,'1972-07-20 08:14:23','2004-05-24 13:16:57'),(90,'Chanel','Gulgowski','powlowski.providenci@example.net','664-394-7419',3,'2011-12-21 23:53:43','2020-06-12 20:56:04'),(91,'Lemuel','Olson','kuhlman.allie@example.com','435.127.8406',1,'1991-05-21 16:59:15','2017-05-29 22:22:30'),(92,'Verdie','McLaughlin','mcclure.tabitha@example.net','006.012.7429x62047',1,'1975-12-26 11:33:30','1991-12-16 06:25:47'),(93,'Brannon','Marks','jabernathy@example.net','697-726-9466',1,'1983-05-30 07:42:42','2020-06-12 20:57:43'),(94,'Lina','Harris','wilhelmine88@example.net','858-551-6712',1,'1994-07-14 12:39:38','2020-06-12 20:57:43'),(95,'Eden','Bogan','jeff85@example.com','08215019929',1,'1970-04-26 00:22:59','1979-08-03 14:19:27'),(96,'Dusty','Jacobi','hulda.brakus@example.com','+61(9)2872796653',1,'2018-04-13 22:58:54','2020-06-12 20:57:43'),(97,'Nelson','Gusikowski','gherman@example.org','868-955-3938x067',1,'1972-03-30 10:29:34','2008-09-14 20:22:51'),(98,'Alysa','Bahringer','ostokes@example.org','02337803336',1,'1990-10-16 03:43:04','2020-06-12 20:57:43'),(99,'Zula','Baumbach','noel.reilly@example.net','054.506.8828x631',1,'1977-09-13 21:57:07','2020-03-28 03:01:10'),(100,'Finn','Leannon','merritt70@example.com','1-243-076-7052',1,'1975-07-15 22:04:54','1984-06-05 22:58:48');
/*!40000 ALTER TABLE `users` ENABLE KEYS */;
UNLOCK TABLES;
/*!40103 SET TIME_ZONE=@OLD_TIME_ZONE */;

/*!40101 SET SQL_MODE=@OLD_SQL_MODE */;
/*!40014 SET FOREIGN_KEY_CHECKS=@OLD_FOREIGN_KEY_CHECKS */;
/*!40014 SET UNIQUE_CHECKS=@OLD_UNIQUE_CHECKS */;
/*!40101 SET CHARACTER_SET_CLIENT=@OLD_CHARACTER_SET_CLIENT */;
/*!40101 SET CHARACTER_SET_RESULTS=@OLD_CHARACTER_SET_RESULTS */;
/*!40101 SET COLLATION_CONNECTION=@OLD_COLLATION_CONNECTION */;
/*!40111 SET SQL_NOTES=@OLD_SQL_NOTES */;

-- Dump completed on 2020-06-23  7:12:03
